Estado;Código;Título;Descrição;Notas de aplicação;Exemplo NA;Notas de exclusão;Diplomas jurídico-administrativos REF;Diplomas jurídico-administrativos complementar;Tipo de processo;Processo transversal (S/N);Dono do processo;Participante no processo;Tipo de intervenção do participante;Código do processo relacionado;Título do processo relacionado;Tipo de relação entre processos;Dimensão qualitativa do processo;Uniformização do processo;Prazo de conservação administrativa;Nota ao PCA;Justificação PCA;Forma de contagem do PCA normalizada;Forma de contagem do prazo de cons. adm.;Destino final;Justificação DF;Notas;;;;;;;;

;750;PRESTAÇÃO DE SERVIÇOS DE ENSINO E FORMAÇÃO;"Relativo à prestação de serviços no domínio da educação/ensino/qualificação da população, independentemente da idade ou do contexto (escolar, académico, profissional ou outro) - inclui a educação pré-escolar, o ensino básico e secundário, o ensino superior, a educação extraescolar e todos os cursos de formação, de
qualificação profissional e valorização permanente, em qualquer área do conhecimento.
";"Inclui as ações de formação para a qualificação dos recursos humanos da administração pública, bem como a realização de estágios.#
Aplicável tanto às entidades que prestam os serviços referidos como às que solicitam a prestação dos mesmos.#";;"As ações de sensibilização, congressos, seminários e outros encontros científicos ou profissionais, devem ser considerados em ""Dinamização e comunicação  institucional/ Execução de atividades de dinamização da sociedade"" (900.10).#
";;;;;;;;;;;;;;;;;;;;;;;;;;;;

;750.10;Gestão do aluno/formando;Compreende as atividades relacionadas com apresentação de candidaturas, seleção de candidatos, matrículas, inscrições, transferências de alunos/formandos entre cursos, turmas ou estabelecimentos de ensino, e ainda as atividades relacionadas com a orientação vocacional do aluno/formando, e/ou o seu encaminhamento para percurso ou ensino especial.;Quando aplicável, estas atividades incidem igualmente sobre estagiários.#;;;;;;;;;;;;;;;;;;;;;;;;;;;;;;

;750.10.001;Seleção e seriação para ingresso no ensino ou formação;"Avaliação da capacidade para a frequência de curso ou de ação de formação, bem como a realização das tarefas inerentes ao concurso ou admissão, designadamente as provas específicas, e à satisfação de pré-requisitos (realização de provas de aptidão física, funcional ou vocacional).
Inicia com a candidatura a curso ou inscrição/encaminhamento para formação e termina com a publicação da lista de graduação final ou lista de admitidos a formação.
Inclui realização de provas de ingresso, aplicação de fórmulas e classificações mínimas, seriação dos candidatos, elaboração de pautas finais e respetiva homologação.";"Candidatos selecionados ou encaminhados para a formação profissional#
Candidatos ao ingresso no âmbito da escolaridade obrigatória e do ensino regular profissional#
Concursos especiais (maiores de 23 anos)#
Seriação dos candidatos ao curso Curso de Estudos Avançados em Gestão Pública (CEAGP)#
Bolseiro dos Países Africanos de Língua Oficial Portuguesa (PALOP) e Comunidade dos Países de Língua Portuguesa (CPLP)#
Concurso institucional#
Reingresso, mudança de curso e transferência#
Pós-graduações#
Curso de Defesa Nacional#
Formação ministrada pelo Centro de Formação de Funcionários de Justiça, para acesso e progressão na carreira de oficial de justiça#
Formação para acesso e progressão na carreira de guarda prisional#
Seriação para ingresso de recluso ao ensino básico e secundário e ensino superior#
Seriação para ingresso de jovem internado em centro educativo ao ensino básico e secundário#
Concurso de Ingresso na Formação Inicial - Tribunal Administrativo e Fiscal e Tribunais Judiciais#
Candidatos identificados para reforço de conhecimentos na área da Propriedade Industrial (PI) segundo pré-requisitos#
Estágio para Ingresso na Carreira de Investigação Criminal da Polícia Judiciária#
Formação ministrada no âmbito da medicina legal e ciências forenses#
Formação ministrada pelo Centro de Formação do IRN#
Formação para acesso às carreiras de conservador, notário e escriturário#
Estágio para ingresso na carreira de conservador e notário#";;"A elaboração de calendários das provas de ingresso deve ser considerada em 150.20.101 – Planeamento estratégico de atividades#
A reclamação de resultados da seleção deve ser considerada em 500.40.001 – Processamento de reclamações em atos administrativos, ou em 500.40.500 – Processamento de recursos hierárquicos, ou, ainda, em 500.40.501 – Processamento de recursos administrativos especiais#
O recurso que evolua para os Tribunais deve ser considerado em  600.30.550 – Ação administrativa declarativa comum#
As atividades relacionadas com a seleção e seriação de recluso para acesso a ação de formação devem ser consideradas em 600.40.303 – Acompanhamento da execução de medida tutelar educativa não privativa da liberdade#
As atividades relacionadas com a seleção e seriação de jovem em centro educativo para acesso a ação de formação devem ser consideradas em  600.40.100 – Execução de medida de internamento em centro educativo#";"Lei 45/2013#
Lei 45/2012#
DL 92/2011#
Lei 60/2011#
Portaria 181-D/2015#
Lei 9/2009#
Lei 2/2008#
Portaria 1500/2007#
Portaria 832/2007#
Portaria 401/2007#
DL 24/2006#
DL 174/2001#
Lei 166/99#
DL 70-A/2000#
DL 174/2001#
DL 4/98#
DL 48/86#";DL 50/98 alterado pelos DL 70-A/2000 e DL 174/2001#;PC;S ;"DGES#
AP#";"IES#
FA#
AP#";"Comunicar#
Assessorar#
Iniciar#";"150.20.001#
150.20.101#
150.20.300#
150.40.500#
450.30.502#
500.40.001#
500.40.500#
750.10.002#
750.10.602#
900.10.504#
";"Preparação de regras e orientações internas#
Planeamento estratégico de atividades#             
Avaliação de atividades#
Recolha e tratamento de dados estatísticos de apoio à gestão#
Emissão de declarações comprovativas#
Processamento de reclamações de atos administrativos#
Processamento de recursos hierárquicos#
Processamento de matrículas ou inscrições no ensino ou em formação#
Integração e acompanhamento de alunos com necessidades educativas especiais#
Publicitação de iniciativas e atividades#
";"Sucessão (sucessor)#
Sucessão (sucessor)#
Síntese (sintetizado)#
Síntese (sintetizado)#
Sucessão (antecessor)#
Sucessão (antecessor)#
Sucessão (antecessor)#
Sucessão (antecessor)#
Sucessão (antecessor)#
Sucessão (sucessor)#
";Elevada;N;;;;;;;;;;;;;;;;

;750.10.001.01;Seleção e seriação para ingresso no ensino ou formação: seleção ;"Inicia com a candidatura / encaminhamento.
Inclui apresentação de elementos instrutórios, verificação dos pré-requisitos, aplicação dos métodos para a seleção, quando necessário, como a realização de provas de ingresso (gerais ou específicas) e respetiva avaliação, elaboração e publicitação de lista provisória de admitidos e excluídos, reclamações.
Termina com publicitação de lista de admitidos e excluídos.";;;;;;;;;;;;;Síntese (sintetiza)#;;;5;;"#Critério legal:
Prazo prescricional do procedimento contraordenacional ([DL 433/82], Ilícito de mera ordenação social, artº 27.
#Critério  de utilidade administrativa:
Prazo decorrente da necessidade de consulta deste PN para apuramento de responsabilidade em sede de ação disciplinar (PN 500.20.002 - Realização de inquérito, 500.20.003 - Realização de sindicância) e de fiscalização (500.10.301 - Realização de fiscalização) e para processamento de novos planos.";Data de conclusão do procedimento;Data de publicitação da lista de admitidos e excluídos;E;"#Critério de densidade informacional:
Informação recuperável no
PN  750.10.001.02- Seleção e seriação para ingresso no ensino ou formação: seriação;
E sintetizada no
PN  150.40.500 - Recolha e tratamento de dados estatísticos de apoio à gestão.";;;;;;;;;

;750.10.001.02;Seleção e seriação para ingresso no ensino ou formação: seriação ;"Inicia-se com a aplicação dos métodos para a ordenação dos candidatos.
Inclui a elaboração de listas ou pautas definitivas.
Termina com a publicitação.
";;;;;;;;;;;;;Síntese (sintetizado)#;;;5;;"#Critério legal:
Prazo prescricional do procedimento contraordenacional ([DL 433/82], Ilícito de mera ordenação social, artº 27.
#Critério de utilidade administrativa:
Prazo decorrente da necessidade de consulta deste PN para apuramento de responsabilidade em sede de ação disciplinar (PN 500.20.002 - Realização de inquérito, 500.20.003 - Realização de sindicância) e de fiscalização (500.10.301 - Realização de fiscalização) e para processamento de novos plano";Data de conclusão do procedimento;Data de publicitação da lista ou pauta definitivas.;C;"#Critério de densidade informacional:
O PN contém informação qualitativa e quantitativa não recuperável noutro PN.";;;;;;;;;

;750.10.002;Processamento de matrículas ou inscrições no ensino ou em formação;"Realização ou renovação de matrícula em cursos ou inscrição em ações de formação.
Inicia com o pedido de acesso ou ingresso e termina com a entrega de comprovativo de matrícula ou inscrição.
Inclui verificação de dados de identificação e validação da existência dos requisitos necessários para efeito de matrícula ou inscrição.
";"Matrícula ou inscrição de alunos ou formandos do ensino à distância#
Matrícula ou inscrição de alunos do ensino profissional#
Matrícula ou inscrição de alunos do ensino secundário#
Matrícula ou inscrição de alunos do ensino superior#
Matrícula ou inscrição de alunos filhos de profissionais itinerantes#
Matrícula ou inscrição de alunos  colocados em centros educativos ou estabelecimentos prisionais#
Matrícula ou inscrição de alunos com necessidades educativas especiais (condições especiais de matrícula)#
Matrícula ou inscrição de alunos sobredotados (antecipação de matrícula)#
Matrícula ou inscrição em formação inicial para ingresso em carreiras profissionais específicas#
Inscrição de formandos em cursos de formação profissional#
Inscrição de trabalhadores nas ações de formação profissional#
Inscrição em atividades extra curriculares e de enriquecimento curricular# 
Inscrição em estágios#
Reingresso de alunos no ensino#
Transferência de alunos ou formandos#
";;"Os pedidos de horário especial em contexto laboral devem ser considerados em 250.20.200 – Processamento de pedidos de horário de trabalho especial#
O pagamento de propinas deve ser considerado em 350.30.001 – Cobrança de receitas e pagamento de despesas#
A emissão de certificados ou diplomas de escolaridade deve ser considerada em 450.30.002 – Certificação de habilitações ou qualificações#
A ação disciplinar em contexto escolar ou formativo deve ser considerada em 500.20.300 – Procedimento disciplinar#
A aplicação de métodos de seleção, designadamente concursos, provas de ingresso e a satisfação de pré-requisitos (realização de provas de aptidão física, funcional ou vocacional) devem ser considerados em 750.10.001 – Seleção e seriação para ingresso no ensino ou formação#";"Portaria 1141/2005#
DL 174/2001#
DL 29/2001#
DL 70-A/2000#
DL 174/2001#
DL 48/86#";DL 50/98 alterado pelos DL 70-A/2000 e DL 174/2001#;PC;S ;"ES#
AP#
Grupo IP#";"DGES#
AP#";"Comunicar#
Iniciar#";"150.20.101#
150.20.300#
150.40.001#
250.20.001#
350.30.001#
450.30.502#
500.10.301#
750.10.001#
750.10.300#
750.20.301#
750.20.600#
750.30.602#
800.20.001#
800.20.002#
800.20.500#

";"Planeamento estratégico de atividades#
Avaliação de atividades#
Realização de operações estatísticas oficiais#
Registo biográfico de trabalhadores#
Cobrança de receitas e pagamento de despesas#
Emissão de declarações comprovativas#
Realização de fiscalização#
Seleção e seriação para ingresso no ensino ou formação#
Processamento dos dados cadastrais de alunos ou formandos#
Distribuição de atividades de ensino ou formação#
Realização de atividades de ensino ou formação#
Reconhecimento, creditação e validação de competências e qualificações#
Realização de estudos de investigação básica#
Execução de projetos de investigação aplicada#
Desenvolvimento experimental e aplicacional#";"Sucessão (sucessor)#
Síntese (sintetizado)#
Síntese (sintetizado)#
Síntese (sintetizado)#
Sucessão (antecessor)#
Sucessão (antecessor)#
Suplementar#
Sucessão (antecessor)#
Sucessão (antecessor)#
Sucessão (antecessor)#
Sucessão (antecessor)#
Sucessão (sucessor)#
Sucessão (antecessor)#
Sucessão (antecessor)#
Sucessão (antecessor)#";Elevada;S;5;;"#Critério legal:
Prazo prescricional do procedimento contraordenacional ([DL 433/82], Ilícito de mera ordenação social, artº 27.
#Critério de utilidade administrativa:
Prazo decorrente da necessidade de consulta deste PN para apuramento de responsabilidade em sede de ação disciplinar (PN 500.20.002 - Realização de inquérito, 500.20.003 - Realização de sindicância) e de fiscalização (500.10.301 - Realização de fiscalização) e para processamento de novos planos.";Data de conclusão do procedimento;Data do encerramento do  processo documental.;E;"#Critério de densidade informacional:
Informação recuperável nos
PN 750.10.300 - Processamento de dados cadastrais de alunos ou formandos;
PN 750.20.600 - Realização de atividades de ensino ou formação.";;;;;;;;;

;750.10.300;Processamento dos dados cadastrais de alunos ou formandos;"Atualização continuada da informação cadastral do aluno ou formando.
Inicia com o registo dos dados biográficos, curriculares, do aproveitamento escolar e ou profissionais do aluno ou formando e termina com a indicação de conclusão de estudos ou da ação de formação ou  com a prescrição da matrícula ou abate ao efetivo batalhão esolcar ouo colegial. 
Inclui validação de dados do aluno ou formando, registo de dados relativos à assiduidade e à aplicação do regime disciplinar, registo e atualização de dados relativos ao aproveitamento escolar e percurso académico ou de ensino.";"Processamento de dados cadastrais dos alunos ou formandos de todos os graus e modalidades de ensino ou formação#
Processamento de dados relativos à transferência de estabelecimento de ensino#
Formulário de identificação do formando#";;;"Lei 51/2012#
Lei 49/2005#
DL 50/98#
Lei 47/86#
Lei 21/85#
DL 174/2001#
DL 29/2001#
DL 48/86#
Portaria 213/2009#
Portaria 400/2007#


";;PC;N;"ES#
AP#";;;"350.10.509#
450.30.002#
450.30.003#
450.30.502#
500.20.300#
650.10.100#
650.20.304#
750.10.002#
750.10.600#
750.10.602#
750.30.601#







";"Processamento de remunerações#
Certificação de habilitações ou qualificações#
Emissão de certidões#
Emissão de declarações comprovativas#
Procedimento disciplinar#
Concessão de auxílios económicos a alunos ou formandos#
Apoio psicossocial#
Processamento de matrículas ou inscrições no ensino ou em formação#
Controlo de assiduidade de alunos ou formandos#
Integração e acompanhamento de alunos com necessidades educativas especiais#
Processamento e comunicação de resultados de avaliação#






";"Cruzada#
Síntese (sintetiza)#
Síntese (sintetiza)#
Síntese (sintetiza)#
Síntese (sintetiza)#
Síntese (sintetiza)#
Síntese (sintetiza)#
Síntese (sintetiza)#
Síntese (sintetiza)#
Síntese (sintetiza)#
Síntese (sintetiza)#
";Elevada;S;60;;"#Critério legal:
[Lei 49/2005], que república a Lei de bases do sistema educativo, no seu artº 11, nº 2, e), em que se refere a educação ao longo da vida, conjugado com a [Portaria 181-D/2015], que aprova o Regulamento Geral dos Regimes de Reingresso e de Mudança
de Par Instituição/Curso no Ensino Superior, no seu artº 4, em que se refere ao reingresso e o artº 14 as limitações quantitativas das vagas dos concursos de mudança de curso e transferência.
#Critério de utilidade administrativa:
Considerando que o aluno pode reingressar no Ensino em qualquer momento da sua vida, conforme dispositivo legal, é necessário conservar a informação deste PN para o processamento do PN 750.10.002 - Processamento de matrículas ou inscrições no ensino ou em formação, considerando ainda a esperança média de vida à nascença (80 anos, fonte INE), descontados os 20 anos de idade média para o ingresso no ensino superior, obteve-se o valor de 60 anos.
";Data de início do procedimento;A partir da data de abertura do processo documental.;C;"#Critério de densidade informacional:
O PN contém informação quantitativa e qualitativa de síntese de outros processos.
";;;;;;;;;

;750.10.600;Controlo de assiduidade de alunos ou formandos;"Verificação do cumprimento do dever do aluno ou formando de frequentar as atividades letivas, escolares ou formativas.
Inicia com o registo de faltas do aluno ou formando e termina com a síntese de ocorrências relativas à assiduidade e pontualidade do mesmo.
Inclui justificação de faltas e notificação dos interessados.";" Controlo da assiduidade durante o estágio#                                
";;A definição e aplicação de medidas disciplinares no caso do incumprimento do dever de assiduidade por parte do aluno ou formando devem ser consideradas em 500.20.300 – Procedimento disciplinar#;"DL 174/2001#
Lei 2/2008#
";;PC;N;"AP#
Grupo IP#";;;"450.30.002#
450.30.502#
500.10.301#
500.20.300#
500.30.004#
750.10.300#
750.30.601#
850.10.002#
850.10.003#



";"Certificação de habilitações ou qualificações#
Emissão de declarações comprovativas#
Realização de fiscalização#
Procedimento disciplinar#
Aplicação de sanções disciplinares#
Processamento dos dados cadastrais de alunos ou formandos#
Processamento e comunicação de resultados de avaliação#
Formalização de candidaturas e acompanhamento de apoios regulares#
Formalização de candidaturas e acompanhamento de apoios pontuais#

";"Cruzada#
Cruzada#
Suplementar#
Cruzada#
Cruzada#
Síntese (sintetizado)#
Sucessão (antecessor)#
Sucessão (sucessor)#
Sucessão (sucessor)#

";Elevada;S;;;;;;;;;;;;;;;;

;750.10.600.01;Controlo de assiduidade de alunos ou formandos: cursos financiados;"Verificação do cumprimento do dever do aluno ou formando de frequentar as atividades letivas, escolares ou formativas em cursos ou ações de formação financiados.
Inicia com o registo de faltas do aluno ou formando e termina com a síntese de ocorrências relativas à assiduidade e pontualidade do mesmo no encerramento do curso, ação ou ano letivo.
Inclui justificação de faltas e notificação dos interessados.";Controlo de assiduidade em cursos financiados#;;;;;;;;;;;;;;;10;;"#Critério legal:
Prazo prescricional da responsabilidade financeira reintegratória ([Lei 98/97], artº 70, nº 1)
#Critério de utilidade administrativa:
Prazo decorrente da necessidade de consulta deste PN para apuramento de responsabilidade em sede do PN 500.10.001 (no que diz respeito à atuação da Administração).";Data de conclusão do procedimento;Data de encerramento do curso, ação ou ano letivo;E;"#Critério de densidade informacional:
Informação recuperável no
PN 750.10.300 - Processamento dos dados cadastrais de alunos ou formandos";;;;;;;;;

;750.10.600.02;Controlo de assiduidade de alunos ou formandos: cursos não financiados;"Verificação do cumprimento do dever do aluno ou formando de frequentar as atividades letivas, escolares ou formativas em cursos ou ações de formação financiados.
Inicia com o registo de faltas do aluno ou formando e termina com a síntese de ocorrências relativas à assiduidade e pontualidade do mesmo no encerramento do curso, ação ou ano letivo.
Inclui justificação de faltas e notificação dos interessados.";Controlo de assiduidade em cursos não financiados#;;;;;;;;;;;;;;;1;;"#Critério  de utilidade administrativa:
Prazo para processamento de informação cadastral do aluno ou formando - PN 750.10.300 - Processamento dos dados cadastrais de alunos ou formandos";Data de conclusão do procedimento;Data de encerramento do curso, ação ou ano letivo;E;"#Critério de densidade informacional:
Informação recuperável no
PN 750.10.300 - Processamento dos dados cadastrais de alunos ou formandos";;;;;;;;;

;750.10.601;Processamento de pedidos de admissão a provas de avaliação;"Realização das atividades inerentes à inscrição para prestação de provas de avaliação de conhecimentos.
Inicia com a inscrição e termina com a publicitação das pautas finais.
Inclui, conforme o grau de ensino, ciclo de estudos ou formação em apreço, proposição de realização de prova ou de defesa, entrega de termo de aceitação ou parecer do orientador, de declaração do departamento e de autorização de depósito no repositório bem como dos comprovativos da inscrição e frequência e aatribuição do número interno de identificação, nos casos previstos legalmente.";"Exames finais#
Exames nacionais dos ensinos básico e secundário#
Inscrição em época especial de exame#
Inscrição em exame de melhoria de nota#
Provas académicas#
Provas de equivalência à frequência#
Provas globais#
Provas nacionais de aferição#
Provas orais#
Provas intercalares#
Inscrição na sequência de impedimento para a realização de prova#";;As candidaturas a provas de ingresso ao ensino superior devem ser consideradas em 750.10.001 – Seleção e seriação para ingresso no ensino ou formação#;"DL 174/2001#
";;PE;N;"ES#
INA#
IEFP#
";;;"150.20.300#
150.40.001#
350.30.001#
750.10.002#
750.10.600#
750.30.600#
750.30.601#
800.20.001#
800.20.002#
800.20.500#";"Avaliação de atividades#
Realização de operações estatísticas oficiais#
Cobrança de receitas e pagamento de despesas#
Processamento de matrículas ou inscrições no ensino ou em formação#
Controlo de assiduidade de alunos ou formandos#
Aplicação de instrumentos de avaliação de aprendizagens#
Processamento e comunicação de resultados de avaliação#
Realização de estudos de investigação básica#
Execução de projetos de investigação aplicada#
Desenvolvimento experimental e aplicacional#";"Síntese (sintetizado)#
Síntese (sintetizado)#
Cruzada#
Sucessão (sucessor)#
Sucessão (antecessor)#
Sucessão (antecessor)#
Síntese (sintetizado)#
Sucessão (sucessor)#
Sucessão (sucessor)#
Sucessão (antecessor)#";Elevada;S;1;;"#Critério  de utilidade administrativa:
Prazo para  processamento do
PN 750.30.600 - Aplicação de instrumentos de avaliação de aprendizagens;
PN 750.30.601 - Processamento e comunicação de resultados de avaliação.";Data de conclusão do procedimento;Data de publicitação das pautas finais;E;"#Critério de densidade informacional:
Informação de síntese recuperável no
PN 750.30.601 - Processamento e comunicação dos resultadosde avaliação.";;;;;;;;;

;750.10.602;Integração e acompanhamento de alunos com necessidades educativas especiais;"Acolhimento e disponibilização de recursos educativos adequados a cada caso, durante o percurso escolar ou formativo, de forma a facilitar o desenvolvimento académico, pessoal e sócio-emocional do estudante ou formando, com vista à sua integração e participação em todas as esferas da sociedade.
Inicia com a manifestação expressa da necessidade ou sinalização de acompanhamento especial e termina com a satisfação da necessidade ou com a conclusão do grau de ensino ou da formação.
Inclui procedimentos de referenciação e avaliação, a proposta de adoção de medidas e soluções apropriadas à necessidade expressa, através de programa/plano educativo individual e seu acompanhamento.";"Acompanhamento de estudantes ou formandos com necessidades educativas especiais#
Acompanhamento de estudantes ou formandos portadores de deficiência física ou incapacidade#
Acompanhamento de estudantes ou formandos com dislexia, discalculia, ou outras dificuldades associadas que compreendam a adequada compreensão do material escrito#
Acompanhamento de estudantes ou formandos com doenças permanentes ou de longa duração, associadas a tratamentos periódicos e frequentes ou a tratamentos agressivos (radioterapia, quimioterapia, citostáticos ou equiparáveis), que produzam condições desvantajosas para o seu desempenho académico#
Acompanhamento de estudantes ou formandos com doença mental crónica, que comprometa acentuadamente a adaptação e seja limitativa quanto ao processo de aprendizagem académica#";;A disponibilização de produtos ou equipamentos de apoio deve ser considerada no PN 650.10.104 – Atribuição de produtos de apoio#;"DL 29/2001#
DL 3/2008#";;PE;N;"ES#
IEFP#";;;"500.10.301#
650.10.307#
650.20.304#
750.10.001#
750.10.002#
750.10.300#
750.10.600#
750.20.001#
750.20.300#
750.20.301#
750.30.001#
750.30.300#
750.30.600#
750.30.602#



";"Realização de fiscalização#
Conceção de subsídios por frequência de estabelecimentos de educação especial#
Apoio psicossocial#
Seleção e seriação para ingresso no ensino ou formação#
Processamento de matrículas ou inscrições no ensino ou em formação#
Processamento dos dados cadastrais de alunos ou formandos#
Controlo de assiduidade de alunos ou formandos#
Conceção, revisão e extinção de currículos e planos de estudos#
Produção e seleção de recursos didático-pedagógicos#
Distribuição de atividades de ensino ou formação#
Conceção e revisão dos métodos de avaliação de aprendizagens#
Elaboração de instrumentos de avaliação de aprendizagens#
Aplicação de instrumentos de avaliação de aprendizagens#
Reconhecimento, creditação e validação de competências e qualificações#
";"Suplementar#
Cruzada#
Cruzada#
Sucessão (sucessor)#
Sucessão (sucessor)#
Síntese (sintetizado)#
Cruzada#
Cruzada#
Cruzada#
Cruzada#
Cruzada#
Cruzada#
Cruzada#
Cruzada#


";Elevada;N;5;;"#Critério legal:
Prazo prescricional do procedimento contraordenacional ([DL 433/82], Ilícito de mera ordenação social, artº 27.
#Critério de utilidade administrativa:
Prazo decorrente da necessidade de consulta deste PN para apuramento de responsabilidade em sede de ação disciplinar (PN 500.20.002 - Realização de inquérito, 500.20.003 - Realização de sindicância) e de fiscalização (500.10.301 - Realização de fiscalização) e para processamento de novos planos";Data de conclusão do procedimento;Conclusão do ciclo de estudos ou formação;E;"#Critério de densidade informacional:
Informação recuperável no
PN 750.10.300 - Processamento dos dados cadastrais de alunos ou formandos";;;;;;;;;

;750.20;Gestão formativa e curricular;Compreende as atividades preparatórias da criação, realização, avaliação, reestruturação e extinção de cursos, ciclos de ensino, ações de formação, estágios ou qualquer outro tipo de oferta formativa, no que se inclui a oferta de atividades extracurriculares.;Aplicável a todos os patamares da gestão formativa e curricular desde a definição das disciplinas de um curso, dos conteúdos programáticos das disciplinas e das aulas/sessões de formação, até à organização de turmas ou à seleção de materiais pedagógicos.#;"Plano de estudos de licenciaturas, mestrados, doutoramentos#
Currículos para os vários níveis de ensino#
Plano de curso#
Plano de formação#
Dossier pedagógico#
Seleção de livros e de outros materiais pedagógicos#
Reuniões de conselhos de turma#
Constituição e reestruturação de turmas#
Sumários e registos de aulas/sessões#";"A homologação de cursos deve ser considerada em ""Reconhecimentos e permissões/ Licenciamentos, certificações e outras autorizações"" (450.10).#
O diagnóstico de necessidades deve ser considerado em ""Planeamento e gestão estratégica/ Planeamento, avaliação e melhoria dos serviços"" (150.20).#
As operações estatísticas devem ser consideradas em ""Planeamento e gestão estratégica/ Produção de informação estatística"" (150.40).#";;;;;;;;;;;;;;;;;;;;;;;;;;;;

;750.20.001;Conceção, revisão e extinção de currículos e planos de estudos;"Desenvolvimento e estudo dos currículos, programas das disciplinas, programas e orientações relativas às áreas ou estruturas curriculares e áreas curriculares não disciplinares, bem como a sua alteração ou extinção, em coerência com os objetivos do sistema educativo.
Inicia com a apresentação de propostas e termina com a decisão.
Inclui análise de conteúdos informativos, elaboração e recolha de pareceres e deliberação por parte dos órgãos de gestão.";"Ciclos de estudos#
Elaboração de planos de estudos#
Estruturas curriculares#
Metas curriculares#
Programas de disciplinas#";;A programação anual escolar deve ser considerada em 150.20.101 – Planeamento estratégico de atividades#;"DL 91/2013#
DL 139/2012#
DL 6/2001#
DL 48/86#
Lei 5/97#";;PE;N;ES#;;;"450.10.651#
150.10.100#
100.10.200#
150.20.101#
500.10.301#
500.20.002#
500.20.003#
750.10.602#
750.20.300#
750.20.600#
800.20.001#
800.20.002#
800.20.500#";"Acreditação de ciclos de estudos# 
Definição de políticas setoriais#
Produção e comunicação de atos regulamentares gerais#
Planeamento estratégico de atividades#
Realização de fiscalização#
Realização de inquérito#
Realização de sindicância#
Integração e acompanhamento de alunos com necessidades educativas especiais#
Produção e seleção de recursos didático-pedagógicos#
Realização de atividades de ensino ou formação#
Realização de estudos de investigação básica#
Execução de projetos de investigação aplicada#
Desenvolvimento experimental e aplicacional#";"Complementar#
Sucessão (antecessor)#
Sucessão (sucessor)#
Sucessão (sucessor)#
Suplementar#
Suplementar#
Suplementar#
Cruzada#
Sucessão(antecessor)#
Sucessão (antecessor)#
Sucessão (sucessor)#
Sucessão (sucessor)#
Sucessão (sucessor)#";Média;N;5;;"#Critério legal:
Prazo prescricional do procedimento contraordenacional ([DL 433/82], Ilícito de mera ordenação social, artº 27.
#Critério de utilidade administrativa:
Prazo decorrente da necessidade de consulta deste PN para apuramento de responsabilidade em sede de ação disciplinar (PN 500.20.002 - Realização de inquérito, 500.20.003 - Realização de sindicância) e de fiscalização (500.10.301 - Realização de fiscalização)e para processamento de novos planos.";Data de conclusão do procedimento;A partir da data de homologação;C;"#Critério de complementaridade informacional:
É complementar de
PN 450.10.651 - Acreditação de ciclos de estudos ";;;;;;;;;

;750.20.002;Conceção, revisão e extinção de planos de ações de formação;"Desenvolvimento de programas e referenciais das ações de formação, bem como a sua alteração ou extinção, em coerência com os objetivos de formação.
Inicia com a propostas e termina com a decisão.
Inclui análise de conteúdos informativos, elaboração e recolha de pareceres e deliberação por parte dos órgãos competentes.";;;A elaboração de Planos anuais de formação deve ser considerada em 150.20.101 – Planeamento estratégico de atividades#;"Despacho Normativo 13/2014#
DL 79/2014#
DL 91/2013#
DL 48/86#
Portaria 243/2012#
DL 174/2001#
DL 286/89#";;PC;N;"AP#
Grupo IP#";;;"150.10.100#
150.10.500#
150.10.600#
150.20.101#
450.10.648#
500.10.301#
500.20.002#
500.20.003#
750.20.300#
750.10.602#
750.20.600#";"Definição de políticas setoriais#
Elaboração de instrumentos de cooperação interinstitucional#
Avaliação de políticas e instrumentos de operacionalização#
Planeamento estratégico de atividades#
Reconhecimento das  características e origem de bens, produtos e serviços#
Realização de fiscalização#
Realização de inquérito#
Realização de sindicância#
Produção e seleção de recursos didático-pedagógicos#
Integração e acompanhamento de alunos com necessidades educativas especiais#
Realização de atividades de ensino ou formação#";"Sucessão (antecessor)#
Sucessão (antecessor)#
Sucessão (sucessor)#
Sucessão(antecessor)#
Síntese (sintetiza)#
Suplementar#
Suplementar#
Suplementar#
Sucessão(antecessor)#
Cruzada#
Sucessão (antecessor)#";Média;N;;;;;;;;;;;;;;;;

;750.20.002.01;Conceção, revisão e extinção de planos de ações de formação: preparação ;"Desenvolvimento de programas  ações de formação, bem como a sua alteração ou extinção, em coerência com os objetivos de formação.
Inicia com a propostas e termina com a decisão.
Inclui análise de conteúdos informativos, elaboração e recolha de pareceres e deliberação por parte dos órgãos competentes.";;;;;;;;;;;;;;;;5;;"#Critério legal:
Prazo prescricional do procedimento contraordenacional ([DL 433/82], Ilícito de mera ordenação social, artº 27.
#Critério de utilidade administrativa:
Prazo decorrente da necessidade de consulta deste PN para apuramento de responsabilidade em sede de ação disciplinar (PN 500.20.002 - Realização de inquérito, 500.20.003 - Realização de sindicância) e de fiscalização (500.10.301 - Realização de fiscalização)e para processamento de novos planos.";Data de conclusão do procedimento;A partir da data de aprovação;E;"#Critério de densidade informacional:
Informação sintetizada em
PN 750.20.002.02 - Conceção, revisão e extinção de planos de ações de formação: aprovação";"REGULAMENTO CE N.O 1083/2006
Artigo 60.o - f) Estabelece procedimentos destinados a assegurar que todos os documentos relativos a despesas e auditorias necessários para garantir uma pista de auditoria adequada são conservados  em conformidade com o disposto no artigo 90.o;
Artigo 90.o
Disponibilização de documentos
1. Sem prejuízo das regras em matéria de auxílios estatais estabelecidas no artigo 87.o do Tratado, a autoridade de gestão assegura que sejam mantidos à disposição da Comissão e do Tribunal de Contas todos os documentos comprovativos das despesas e das auditorias relativas ao programa operacional em
questão durante:
a) Um período de três anos após o encerramento do programa operacional tal como definido no n.o 3 do artigo 89.o;
b) Um período de três anos após o ano do encerramento parcial, no caso dos documentos relativos às despesas e auditorias das operações referidas no n.o 2.
Esses períodos são interrompidos em caso de ações judiciais ou na sequência de um pedido devidamente fundamentado da Comissão.
2. A autoridade de gestão põe à disposição da Comissão, a pedido desta, uma lista das operações já concluídas que tenham sido objecto de encerramento parcial nos termos do artigo 88.o
3. Os documentos são conservados sob a forma de documentos originais ou de cópias autenticadas, em suportes de dados vulgarmente aceites

REVOGA O  Regulamento CE 1260/1999, de 21.06.99, fixa no seu artigo 38º o prazo de conservação dos documentos após a data de encerramento do PO. Veio a Comissão Europeia determinar que esse prazo só termina a 04 de março de 2016, sem prejuízo de outros prazos em caso de procedimento judicial. ART.º 38-6 - Salvo disposição em contrário dos acordos administrativos bilaterais, durante um período de três anos
subsequente ao pagamento pela Comissão do saldo
relativo a uma intervenção, as autoridades responsáveis devem conservar (na forma de documentos originais ou de cópias autenticadas, em suportes de dados vulgarmente aceites) todos os elementos comprovativos relativos às despesas e aos controlos referentes à intervenção em causa. Esse prazo será suspenso quer em caso de procedimentos judiciais, quer mediante pedido fundamentado da Comissão.
";;;;;;;;

;750.20.002.02;Conceção, revisão e extinção de planos de ações de formação: aprovação ;Deliberação e aprovação dos referenciais  de ações de formação. Inicia com a propostas e termina com a decisão. Inclui a recolha de pareceres dos órgãos competentes.;;;;;;;;;;;;;;;;5;;"#Critério legal:
Prazo prescricional do procedimento contraordenacional ([DL 433/82], Ilícito de mera ordenação social, artº 27.
#Critério de utilidade administrativa:
Prazo decorrente da necessidade de consulta deste PN para apuramento de responsabilidade em sede de ação disciplinar (PN 500.20.002 - Realização de inquérito, 500.20.003 - Realização de sindicância) e de fiscalização (500.10.301 - Realização de fiscalização)e para processamento de novos planos.";Data de conclusão do procedimento;A partir da data de aprovação;C;"#Critério de densidade informacional:
Informação não recuperável noutro PN";;;;;;;;;

;750.20.300;Produção e seleção de recursos didático-pedagógicos;"Apreciação dos recursos didático-pedagógicos no que diz respeito à sua adequação às atividades educativas e formativas a que se destinam.
Inicia com a identificação de necessidades de material didático e termina com a divulgação ou disponibilização dos recursos.
Inclui elaboração ou seleção de fontes de informação e aplicação de critérios para apreciação de material didático.";"Adoção de manuais escolares certificados do ensino básico e secundário#
Elaboração de manuais de formação#";;;"DL 5/2014#
Portaria 81/2014#
Lei 47/2006#";;PC;N;"ES#
AP#
Grupo IP#";IMT;;"300.10.005#
300.50.802#
450.10.445#
450.10.648#
750.10.602#
750.20.001#
750.20.600#
800.20.001#
800.20.002#
800.20.500#";"Transação e transmissão de bens móveis não culturais e contratação de serviços#
Registo e identificação de utilizadores de serviços e de sistemas de informação#
Acreditação de entidade para prestação de serviços de avaliação de conformidade#
Reconhecimento das  características e origem de bens, produtos e serviços#
Integração e acompanhamento de alunos com necessidades educativas especiais#
Conceção, revisão e extinção de curriculos e planos de estudos#
Realização de atividades de ensino ou formação#
Realização de estudos de investigação básica#
Execução de projetos de investigação aplicada#
Desenvolvimento experimental e aplicacional#";"Sucessão (antecessor)#
Cruzada#
Sucessão (antecessor)#
Sucessão (antecessor)#
Sucessão (sucessor)#
Cruzada#
Sucessão (antecessor)#
Sucessão (sucessor)#
Sucessão (sucessor)#
Sucessão (sucessor)#";Elevada;S;6;;"#Critério legal:
Prazo inferido do [DL 5/2014], artº 2 - "" a adoção dos manuais escolares dos ensinos básico e secundário vigora, em regra, pelo prazo de 6 anos (...).""";Data de conclusão do procedimento;A partir da data de homolgação;C;"#Critério de densidade informacional:
Informação não recuperável noutro PN";;;;;;;;;

;750.20.301;Distribuição de atividades de ensino ou formação;"Organização do ano letivo em qualquer nível de ensino, bem como à organização da formação.
Inicia com a listagem dos alunos ou formandos inscritos e termina com a divulgação dos horários e das turmas, turnos ou grupos.
Inclui constituição das turmas, turnos ou grupos.";"Constituição de turmas#
Elaboração de horários letivos#";;A elaboração de normas e critérios de constituição de turmas deve ser considerada em 100.10.600 – Produção e comunicação de regras institucionais#;DL 75/2008#;;PC;N;"ES#
AP#
Grupo IP#";;;"100.10.800#
150.20.300#
150.20.301#
250.10.101#
250.10.600#
500.10.001#
500.10.301#
500.20.002#
500.20.003#
750.10.002#
750.10.602#
750.20.001#
750.20.300#
750.20.600#";"Produção e comunicação de normas técnicas#
Avaliação de atividades#
Avaliação do desempenho das organizações#
Procedimento para preenchimento de postos de trabalho#
Contratação de trabalhadores#
Realização de auditorias#
Realização de fiscalização#
Realização de inquérito#
Realização de sindicância#
Processamento de matrículas ou inscrições no ensino ou em formação#
Integração e acompanhamento de alunos com necessidades educativas especiais#
Conceção, revisão e extinção de currículos e planos de estudos#
Produção e seleção de recursos didático-pedagógicos#
Realização de atividades de ensino ou formação#


";"Sucessão (sucessor)#
Síntese (sintetizado)#
Síntese (sintetizado)#
Cruzada#
Cruzada#
Suplementar#
Suplementar#
Suplementar#
Suplementar#
Síntese (sintetizado)#
Sucessão (sucessor)#
Sucessão (sucessor)#
Síntese (sintetizado)#
Cruzada#";Elevada;S;5;;"#Critério legal:
Prazo prescricional do procedimento contraordenacional ([DL 433/82], Ilícito de mera ordenação social, artº 27.
#Critério de utilidade administrativa:
Prazo decorrente da necessidade de consulta deste PN para apuramento de responsabilidade em sede de ação disciplinar (PN 500.20.002 - Realização de inquérito, 500.20.003 - Realização de sindicância) e de fiscalização (500.10.301 - Realização de fiscalização)e para processamento de novos planos.";Data de conclusão do procedimento;A partir da data de aprovação;C;"#Critério de densidade informacional:
Informação não recuperável noutro PN";;;;;;;;;

;750.20.600;Realização de atividades de ensino ou formação;"Concretização de atividades formativas, letivas e extra curriculares.
Inicia com a análise do programa de curso ou formação e termina com a apresentação do relatório sobre a concretização das atividades curriculares letivas e formativas no encerramento da ação ou do ano letivo.
Inclui elaboração de plano de aula ou plano de formação, implementação de estratégias técnico-pedagógicas, definição de planos de recuperação, de acompanhamento ou desenvolvimento, produção de sumários, elaboração de relatórios periódicos das aulas, apresentação de propostas de atividades, monitorização do desenvolvimento das aprendizagens e interação entre docentes ou formadores e alunos ou formandos.";"Atividades de enriquecimento curricular#
Atividades extra curriculares#
Aulas práticas#
Atas de reuniões#
Aulas teóricas#
Estágios curriculares#
Orientação tutorial#
Realização de exercícios e simulacros decorrentes de ações de formação#";;A realização de atividades de ensino no âmbito das Necessidades Educativas Especiais devem ser consideradas em 750.10.602 – Integração e acompanhamento de alunos com necessidades educativas especiais#;"DL 92/2014#
Lei 45/2013#
Lei 45/2012#
Lei 9/2009#
Lei 2/2008#
Lei 39/2010#
Portaria 1500/2007#
Portaria 832/2007#
Portaria 401/2007#
DL 24/2006#
DL 174/2001#
Lei 166/99#
DL 4/98#

";;PC;N;"ES#
AP#
Grupo IP#";"IES#
IEFP#";;"150.20.101#
150.20.300#
250.20.001#
250.20.400#
250.20.605#
250.20.800#
450.10.444#
450.10.441#
500.10.301#
750.10.600#
750.10.602#
750.20.001#
750.20.300#
750.20.301#
750.30.300#
750.30.600#
800.10.604#
800.10.605#";"Planeamento estratégico de atividades#
Avaliação de atividades#
Registo biográfico de trabalhadores#
Controlo de assiduidade e pontualidade#
Acompanhamento dos trabalhadores em situação de requalificação#
Avaliação individual do desempenho#
Reconhecimento de requisitos e competência técnica a entidades#
Reconhecimento de títulos de profissões regulamentadas#
Realização de fiscalização#
Controlo de assiduidade de alunos ou formandos#
Integração e acompanhamento de alunos com necessidades educativas especiais#
Conceção, revisão e extinção de curriculos e planos de estudos#
Produção e seleção de recursos didático-pedagógicos#
Distribuição de atividades de ensino ou formação#
Elaboração de instrumentos de avaliação de aprendizagens#
Aplicação de instrumentos de avaliação de aprendizagens#
Realização de traduções#
Realização de transcrições#";"Síntese (sintetizado)#
Síntese (sintetizado)#
Síntese (sintetizado)#
Cruzada#
Sucessão (antecessor)#
Síntese (sintetizado)#
Sucessão (sucessor)#
Sucessão (sucessor)#
Suplementar#
Cruzada#
Cruzada#
Sucessão (sucessor)#
Cruzada#
Síntese (sintetizado)#
Cruzada#
Cruzada#
Cruzada#
Cruzada#";Elevada;S;10;;"#Critério legal:
Prazo prescricional da responsabilidade financeira reintegratória ([Lei 98/97], artº 70, nº 1)
#Critério de utilidade administrativa:
Prazo decorrente da necessidade de consulta deste PN para apuramento de responsabilidade em sede do PN 500.10.001 (no que diz respeito à atuação da Administração).";Data de conclusão do procedimento;A partir da data de encerramento da ação ou do ano letivo;E;"#Critério de densidade informacional:
A informação encontra-se  sintetizada nos
PN 750.10.300 - Processamento dos dados cadastrais de alunos ou formandos;
PN 750.30.601 - Processamento e comunicação de resultados de avaliação;
PN 750.20.301 - Distribuição de atividades de ensino ou formação.";;;;;;;;;

;750.20.601;Realização de atividades de formação e treino animal;"Concretização de atividades práticas de ensino e treino animal.
Inicia com a definição do programa de formação adaptado a cada caso, e termina com a concretização das atividades.
Inclui elaboração de plano de aula, a avaliação do desenvolvimento animal, relativos a graus de dificuldade ou capacidades desenvolvidas.
";"Preparação do efetivo animal para missões de proteção, segurança, deteção de explosivos, drogas ou pessoas e a equipas cinotécnicas (binómio)#
Treino animal para fins de competição, à preparação dos conjuntos cavalo / cavaleiro para demonstração ou exibição#";;"As provas equestres e exibições devem ser consideradas em 900.10.503 – Organização e participação em iniciativas de promoção ou divulgação de produtos e serviços#
As demonstrações de equipas cinotécnicas devem ser consideradas em 900.10.503 – Organização e participação em iniciativas de promoção ou divulgação de produtos e serviços#
A formação de treinadores em cinotecnia e maneio de equinos e equitação deve ser considerada em 750.10.002 – Processamento de matrículas ou inscrições no ensino ou em formação#";"DL 205/2012#
DL 215/2012#
Lei 63/2007#
Despacho Conjunto 275/2006#
DL 44599/62#";;PE;N;"FSS#
FA#
EC#
CMil#
EPAE#
AL#";;;"150.20.103#
150.20.300#
300.10.005#
500.10.301#
750.30.601#";"Planeamento operacional de atividades#
Avaliação de atividades#
Transação e transmissão de bens móveis não culturais e contratação de serviços#
Realização de fiscalização#
Processamento e comunicação de resultados de avaliação#";"Sucessão (antecessor)#
Síntese (sintetizado)#
Sucessão (sucessor)#
Suplementar#
Síntese (sintetizado)#";Média;S;10;;"#Critério legal:
Prazo prescricional da responsabilidade financeira reintegratória ([Lei 98/97], artº 70, nº 1)
#Critério de utilidade administrativa:
Prazo decorrente da necessidade de consulta deste PN para apuramento de responsabilidade em sede do PN 500.10.001 (no que diz respeito à atuação da Administração).";Data de conclusão do procedimento;A partir da data de encerramento do processo documental;E;"#Critério de densidade informacional:
Informação sintetizada no
PN 150.20.300 - Avaliação de atividade;
Ou, em caso específico no
PN 750.30.601 - Processamento e comunicação de resultados de avaliação.";;;;;;;;;

;750.30;Avaliação de aprendizagens;"Compreende as atividades de preparação, execução e processamento de resultados dos processos de avaliação de aprendizagens que decorrem no quadro do ensino regular e da formação profissional inicial ou contínua.
Compreende, igualmente, as atividades de reconhecimento, creditação e validação de competências e qualificações académicas, bem como de creditação da experiência profissional e das aprendizagens não formais e informais (obtidas fora do sistema formal de ensino), para prosseguimento de estudos e/ou atribuição de diplomas.
Inclui o reconhecimento de graus e diplomas obtidos no estrangeiro, a pedido dos titulares.";"Exames#
Relatórios de estágio#
Diplomas#
Processos de reconhecimento#
Creditação, validação e certificação de competências#
Processamento de pedidos de equivalência ou reconhecimento específicos apresentados por titulares de graus académicos obtidos no estrangeiro#
Registo de diplomas estrangeiros#
Fixação na escala de classificação portuguesa de classificação obtida no estrangeiro#";;"Os processos de reconhecimento genérico de um grau num Estado, ou de um grau conferido por um conjunto de instituições de ensino superior de um Estado, devem ser considerados em ""Reconhecimentos e permissões/ licenciamentos, certificações e outras autorizações"" (450.10).
A emissão de certificados de habilitações deve ser considerada em ""Reconhecimentos e permissões/ Emissão de comprovativos de factos ou atos"" (450.30).";;;;;;;;;;;;;;;;;;;;;;;;;;;;

;750.30.001;Conceção e revisão dos métodos de avaliação de aprendizagens;"Elaboração de referenciais e modalidades de avaliação quer das aprendizagens e qualificações, quer do sistema educativo.
Inicia com a apresentação de propostas e termina com a aprovação.
Inclui verificação e análise de propostas, elaboração e recolha de pareceres e deliberação por parte dos órgãos de gestão.";;;A produção de enunciados ou matrizes de provas deverá ser considerada em 750.30.300 – Elaboração de instrumentos de avaliação de aprendizagens#;"DL 17/2016#
Despacho Normativo 1-F/2016#
DL 139/2012#";;PC;N;"ES#
AP#";;;"150.10.600#
150.20.300#
500.10.301#
750.30.300#
800.20.001#
800.20.002#
800.20.500#";"Avaliação de políticas e instrumentos de operacionalização#
Avaliação de atividades#
Realização de fiscalização#
Elaboração de instrumentos de avaliação de aprendizagens#
Realização de estudos de investigação básica#
Execução de projetos de investigação aplicada#
Desenvolvimento experimental e aplicacional#";"Síntese (sintetizado)#
Síntese (sintetizado)#
Suplementar#
Sucessão (sucessor)#
Sucessão (sucessor)#
Sucessão (sucessor)#
Sucessão (sucessor)#";Elevada;S;5;;"#Critério legal:
[DL 4/2015], CPA, artº 168 - Condicionalismos aplicáveis à anulação administrativa - "" 1 - Os atos administrativos podem ser objeto de anulação administrativa no prazo de seis meses, (...) desde que não tenham decorrido cinco anos, a contar da respetiva emissão
#Critério de utilidade administrativa:
Prazo decorrente da necessidade de consulta deste PN para apuramento de responsabilidade em sede do PN 500.10.301 - Realização de fiscalização (no que diz respeito à atuação da Administração), conjugado com o PN 150.10.600 - Avaliação de políticas e instrumentos de operacionalização e com o PN 150.20.300 - Avaliação de atividades.";Data de conclusão do procedimento;A partir da data de encerramento do processo documental;C;"#Critério de densidade informacional:
Informação qualitativa não recuperável noutro PN";;;;;;;;;

;750.30.300;Elaboração de instrumentos de avaliação de aprendizagens;"Conceção de instrumentos adequados à avaliação das diversas aprendizagens e às circunstâncias em que ocorrem.
Inicia com a elaboração da matriz e projeto de instrumento de avaliação e termina com a apresentação de instrumento de avaliação.
Inclui seleção de materiais-suporte dos itens de avaliação, elaboração de instruções ou informações a incluir na prova, definição de critérios de classificação, construção de grelhas de classificação, adaptação de provas para alunos ou formandos portadores de deficiência e aprovação superior do instrumento de avaliação, quando devido.";"Elaboração de exames de avaliação final#
Elaboração de provas de avaliação intermédia#
Elaboração de provas de avaliação periódica#
Produção de instrumentos para a avaliação contínua#";;"A distribuição das provas pelos estabelecimentos de ensino deve ser considerada em 550.10.004 – Apoio de forças de segurança a diligências#
O registo em pautas das notas de avaliação recolhidas em grelhas de classificação deve ser considerado em 750.30.601 – Processamento e comunicação de resultados de avaliação#";"DL 17/2016#
Despacho Normativo 1-F/2016#
DL 139/2012#";;PC;N;"ES#
AP#";;;"150.20.101#
500.10.301#
500.10.600#
500.20.002#
500.20.003#
750.20.600#
750.30.001#
900.20.200#
900.20.201#";"Planeamento estratégico de atividades#
Realização de fiscalização#
Monitorização sistemática da conformidade#
Realização de inquérito#
Realização de sindicância#
Realização de atividades de ensino ou formação#
Conceção e revisão dos métodos de avaliação de aprendizagens#
Conceção de conteúdos institucionais para divulgação#
Edição e publicação de conteúdos#";"Sucessão (sucessor)#
Suplementar#
Cruzada#
Suplementar#
Suplementar#
Sucessão (sucessor)#
Sucessão (sucessor)#
Sucessão (antecessor)#
Sucessão (antecessor)#";Média;S;5;;"#Critério legal:
Prazo prescricional do procedimento contraordenacional ([DL 433/82], Ilícito de mera ordenação social, artº 27.
#Critério de utilidade administrativa:
Prazo decorrente da necessidade de consulta deste PN para apuramento de responsabilidade em sede de ação disciplinar (PN 500.20.002 - Realização de inquérito, 500.20.003 - Realização de sindicância) e de fiscalização (500.10.301 - Realização de fiscalização)e para processamento de novos planos.";Data de conclusão do procedimento;Data de encerramento do processo documental;C;"#Critério de densidade informacional:
Informação não recuperável noutro PN";;;;;;;;;

;750.30.600;Aplicação de instrumentos de avaliação de aprendizagens;"Execução organizada de modalidades de avaliação. Inicia com a aplicação de instrumentos de avaliação e termina com a classificação do aluno ou formando pelo professor corretor.
Inclui elaboração da lista dos alunos que realizam a prova (pautas de chamada), distribuição de enunciados, cotação das respostas dos alunos ou formandos, elaboração de grelhas de classificação e pautas provisórias.";"Projetos e trabalhos de grupo ou individuais#
Guias de trabalho#";;A avaliação da capacidade para a frequência de curso ou formação deve ser considerada em 750.10.001 – Seleção e seriação para ingresso no ensino ou formação#;"DL 17/2016#
Despacho Normativo 1-F/2016#
DL 139/2012#";;PC;N;"ES#
AP#
Grupo IP#";;;"100.10.600#
150.20.300#
150.40.001#
300.10.005#
450.10.801#
450.10.802#
500.10.301#
500.20.002#
500.20.003#
550.10.004#
750.10.601#
750.20.600#
750.30.300#
750.30.601#";"Produção e comunicação de regras institucionais#
Avaliação de atividades#
Realização de operações estatísticas oficiais#
Transação e transmissão de bens móveis não culturais e contratação de serviços#
Emissão e registo de títulos de condução#
Emissão e registo de cartas de caçador#
Realização de fiscalização#
Realização de inquérito#
Realização de sindicância#
Apoio de forças de segurança a diligências#
Elaboração de instrumentos de avaliação de aprendizagens#
Processamento de pedidos de admissão a provas de avaliação#
Realização de atividades de ensino ou formação#
Processamento e comunicação de resultados de avaliação#

";"Sucessão (sucessor)#
Síntese (sintetizado)#
Síntese (sintetizado)#
Sucessão (sucessor)#
Sucessão (antecessor)#
Sucessão (antecessor)#
Suplementar#
Suplementar#
Suplementar#
Cruzada#
Sucessão (sucessor)#
Sucessão (sucessor)#
Cruzada#
Sucessão (antecessor)#";Média;S;5;;"#Critério legal:
Prazo prescricional do procedimento contraordenacional ([DL 433/82], Ilícito de mera ordenação social, artº 27.
#Critério de utilidade administrativa:
Prazo decorrente da necessidade de consulta deste PN para apuramento de responsabilidade em sede de ação disciplinar (PN 500.20.002 - Realização de inquérito, 500.20.003 - Realização de sindicância) e de fiscalização (500.10.301 - Realização de fiscalização) e para processamento de novos planos.";Data de conclusão do procedimento;Data de encerramento do processo documental;CP;"#Critério de densidade informacional:
Enumeração e tipificação dos casos recuperável através das estatísticas.
Esta síntese não permite recuperar o particular e individual, mas apenas o geral.
A aplicação de um critério de amostragem aleatória sobre este PN permitirá conhecer em detalhe alguns casos e obter um subconjunto representativo de todas as características da população-alvo.
Toma ainda como base o facto da imprevisibilidade dos estudos nesta área e a impossibilidade atual de conservar toda a produção.
A constituição de uma amostra significativa do universo de onde é retirada, mediante a aplicação de métodos estatísticos com uma margem de erro controlada, será suficiente para representar o universo.
A grelha para seleção da amostragem encontra-se no final desta página.
Extra amostra poderão ser conservadas os fat files ou os processos referentes a casos com maior impacto social.";;;;;;;;;

;750.30.601;Processamento e comunicação de resultados de avaliação;"Lançamento e publicitação dos resultados da avaliação das aprendizagens.
Inicia com a análise de grelhas de classificação e pautas provisórias e termina com o lançamento de resultados definitivos e a sua publicitação.
Inclui reapreciação da avaliação da prova sempre que solicitado e o registo dos resultados definitivos.";;;"A elaboração de relatórios de avaliação sobre avaliação das aprendizagens deve ser considerada em 150.20.300 – Avaliação de atividades#
O recurso relativo à avaliação deve ser considerado em 500.40.500 – Processamento de recursos hierárquicos#
O recurso relativo à avaliação, caso evolua para os Tribunais, deve ser considerado em 600.30.550 – Ação administrativa declarativa comum#";"DL 17/2016#
Despacho Normativo 1-F/2016#
DL 139/2012#";;PC;N;"ES#
AP#
Grupo IP#";;;"150.20.300#
150.40.001#
350.30.001#
450.30.002#
500.10.001#
500.10.301#
500.40.500#
600.30.001#
750.10.300#
750.30.600#";"Avaliação de atividades#
Realização de operações estatísticas oficiais#
Cobrança de receitas e pagamento de despesas#
Certificação de habilitações ou qualificações#
Realização de auditorias#
Realização de fiscalização#
Processamento de recursos hierárquicos#
Ação em matéria administrativa#
Processamento dos dados cadastrais de alunos ou formandos#
Aplicação de instrumentos de avaliação de aprendizagens#";"Síntese (sintetizado)#
Síntese (sintetizado)#
Cruzada#
Sucessão (antecessor)#
Suplementar#
Suplementar#
Cruzada#
Cruzada#
Sucessão (antecessor)#
Sucessão (sucessor)#";Elevada;S;5;;"#Critério legal:
Prazo prescricional do procedimento contraordenacional ([DL 433/82], Ilícito de mera ordenação social, artº 27;
[DL 4/2015], CPA, artº 168 - Condicionalismos aplicáveis à anulação administrativa - "" 1 - Os atos administrativos podem ser objeto de anulação administrativa no prazo de seis meses, (...) desde que não tenham decorrido cinco anos, a contar da respetiva emissão
#Critério de utilidade administrativa:
Prazo decorrente da necessidade de consulta deste PN para apuramento de responsabilidade em sede de ação disciplinar (PN 500.20.002 - Realização de inquérito, 500.20.003 - Realização de sindicância) e de fiscalização (500.10.301 - Realização de fiscalização) e para processamento de novos planos";Data de conclusão do procedimento;Data de encerramento do processo documental;C;"#Critério de densidade informacional:
Informação não recuperável noutro PN;
Fonte primária para emissão de certificados de habilitações ou de qualificações.";;;;;;;;;

;750.30.602;Reconhecimento, creditação e validação de competências e qualificações;"Ações de validação e valorização de conhecimentos, aptidões, competências e qualificações adquiridas pela experiência de ensino, laboral e de vida, através da atribuição de equivalência ou reconhecimento de um grau de habilitação académica ou profissional.
Inicia com a verificação e análise do percurso formativo e termina com a definição da qualificação.
Inclui elaboração do portfólio individual que explicita e organiza as evidências das competências adquiridas.";"Reconhecimento académico pelo qual uma qualificação académica estrangeira é comparada a uma qualificação portuguesa relativamente ao nível, duração e conteúdo programático#
Reconhecimento a indivíduos que não obtiveram qualificação escolar, académica, profissional pela via formal e pretendam ver confirmado os seus conhecimentos e competências#
Reconhecimento de qualificações profissionais destinado aos cidadãos qualificados para o exercício de uma profissão num determinado Estado-Membro que pretendam exercê-la num outro Estado-Membro onde a mesma esteja regulamentada#";;A emissão de certificados e diplomas deve ser considerada em 450.30.002 – Certificação de habilitações ou qualificações#;"DL 17/2016#
Despacho Normativo 1-F/2016#
DL 139/2012#";;PE;N;"ES#
IEFP#";;;"400.10.616 #
450.10.648#
500.10.301#
500.40.500#
750.10.001#
750.10.002#";"Registo de qualificações não conferentes de grau#
Reconhecimento das  características e origem de bens, produtos e serviços#
Realização de fiscalização#
Processamento de recursos hierárquicos#
Seleção e seriação para ingresso no ensino ou formação#
Processamento de matrículas ou inscrições no ensino ou em formação#";"Sucessão (antecessor)#
Sucessão (antecessor)#
Suplementar#
Cruzada#
Sucessão (antecessor)#
Sucessão (antecessor)#";Média;S;;;;;;;;;;;;;;;;

;750.30.602.01;Reconhecimento, creditação e validação de competências e qualificações: verificação das condições;"Inicia com a verificação e análise do percurso formativo e termina com relatório preliminar.
Inclui elaboração do portofólio individual que explicita e organiza as evidências das competências adquiridas.";;;;;;;;;;;;;;;;5;;"#Critério legal:
Prazo prescricional do procedimento contraordenacional ([DL 433/82], Ilícito de mera ordenação social, artº 27;
[DL 4/2015], CPA, artº 168 - Condicionalismos aplicáveis à anulação administrativa - "" 1 - Os atos administrativos podem ser objeto de anulação administrativa no prazo de seis meses, (...) desde que não tenham decorrido cinco anos, a contar da respetiva emissão
#Critério de utilidade administrativa:
Prazo decorrente da necessidade de consulta deste PN para apuramento de responsabilidade em sede de ação disciplinar (PN 500.20.002 - Realização de inquérito, 500.20.003 - Realização de sindicância) e de fiscalização (500.10.301 - Realização de fiscalização)e para processamento de novos plano).";Data de conclusão do procedimento;Data de encerramento do processo;CP;"#Critério de densidade informacional:
Enumeração e tipificação dos casos recuperável através das estatísticas.
Esta síntese não permite recuperar o particular e individual, mas apenas o geral.
A aplicação de um critério de amostragem aleatória sobre este PN permitirá conhecer em detalhe alguns casos e obter um subconjunto representativo de todas as características da população-alvo.
Toma ainda como base o facto da imprevisibilidade dos estudos nesta área e a impossibilidade atual de conservar toda a produção.
A constituição de uma amostra significativa do universo de onde é retirada, mediante a aplicação de métodos estatísticos com uma margem de erro controlada, será suficiente para representar o universo.
A grelha para seleção da amostragem encontra-se no final desta página.
Extra amostra poderão ser conservadas os fat files ou os processos referentes a casos com maior impacto social.";;;;;;;;;

;750.30.602.02;Reconhecimento, creditação e validação de competências e qualificações: atribuição de equivalência ou reconhecimento;"Inicia com análise do relatório preliminar da análise do percurso formativo e termina com a definição da qualificação.
Inclui reuniões e elaboração de pareceres.";;;;;;;;;;;;;;;;5;;"#Critério legal:
Prazo prescricional do procedimento contraordenacional ([DL 433/82], Ilícito de mera ordenação social, artº 27;
[DL 4/2015], CPA, artº 168 - Condicionalismos aplicáveis à anulação administrativa - "" 1 - Os atos administrativos podem ser objeto de anulação administrativa no prazo de seis meses, (...) desde que não tenham decorrido cinco anos, a contar da respetiva emissão
#Critério de utilidade administrativa:
Prazo decorrente da necessidade de consulta deste PN para apuramento de responsabilidade em sede de ação disciplinar (PN 500.20.002 - Realização de inquérito, 500.20.003 - Realização de sindicância) e de fiscalização (500.10.301 - Realização de fiscalização) e para processamento de novos plano).";Data de conclusão do procedimento;Data de encerramento do processo;C;"#Critério de densidade informacional:
Informação não recuperável noutro PN.";;;;;;;;;

;;;;;;;;;;;;;;;;;;;;;;;;;;;;;;;;;;

;;;;;;;;;;;;;;;;;;;;;;;;;;;;;;;;;;

;;;;;;;;;;;;;;;;;;;;;;;;;;;;;;;;;;

;;;;;;;;;;;;;;;;;;;;;;;;;;;;;;;;;;

;;;;;;;;;;;;;;;;;;;;;;;;;;;;;;;;;;

;;;;;;;;;;;;;;;;;;;;;;;;;;;;;;;;;;

;;;;;;;;;;;;;;;;;;;;;;;;;;;;;;;;;;

;;;;;;;;;;;;;;;;;;;;;;;;;;;;;;;;;;

;;;;;;;;;;;;;;;;;;;;;;;;;;;;;;;;;;

;;;;;;;;;;;;;;;;;;;;;;;;;;;;;;;;;;

;;;;;;;;;;;;;;;;;;;;;;;;;;;;;;;;;;

;;;;;;;;;;;;;;;;;;;;;;;;;;;;;;;;;;

;;;;;;;;;;;;;;;;;;;;;;;;;;;;;;;;;;

;;;;;;;;;;;;;;;;;;;;;;;;;;;;;;;;;;

;;;;;;;;;;;;;;;;;;;;;;;;;;;;;;;;;;

;;;;;;;;;;;;;;;;;;;;;;;;;;;;;;;;;;

;;;;;;;;;;;;;;;;;;;;;;;;;;;;;;;;;;

;;;;;;;;;;;;;;;;;;;;;;;;;;;;;;;;;;

;;;;;;;;;;;;;;;;;;;;;;;;;;;;;;;;;;

;;;;;;;;;;;;;;;;;;;;;;;;;;;;;;;;;;

;;;;;;;;;;;;;;;;;;;;;;;;;;;;;;;;;;

;;;;;;;;;;;;;;;;;;;;;;;;;;;;;;;;;;

;;;;;;;;;;;;;;;;;;;;;;;;;;;;;;;;;;

;;;;;;;;;;;;;;;;;;;;;;;;;;;;;;;;;;

;;;;;;;;;;;;;;;;;;;;;;;;;;;;;;;;;;

;;;;;;;;;;;;;;;;;;;;;;;;;;;;;;;;;;

;;;;;;;;;;;;;;;;;;;;;;;;;;;;;;;;;;

;;;;;;;;;;;;;;;;;;;;;;;;;;;;;;;;;;

;;;;;;;;;;;;;;;;;;;;;;;;;;;;;;;;;;

;;;;;;;;;;;;;;;;;;;;;;;;;;;;;;;;;;

;;;;;;;;;;;;;;;;;;;;;;;;;;;;;;;;;;

;;;;;;;;;;;;;;;;;;;;;;;;;;;;;;;;;;

;;;;;;;;;;;;;;;;;;;;;;;;;;;;;;;;;;

;;;;;;;;;;;;;;;;;;;;;;;;;;;;;;;;;;

;;;;;;;;;;;;;;;;;;;;;;;;;;;;;;;;;;

;;;;;;;;;;;;;;;;;;;;;;;;;;;;;;;;;;

;;;;;;;;;;;;;;;;;;;;;;;;;;;;;;;;;;

;;;;;;;;;;;;;;;;;;;;;;;;;;;;;;;;;;

;;;;;;;;;;;;;;;;;;;;;;;;;;;;;;;;;;

;;;;;;;;;;;;;;;;;;;;;;;;;;;;;;;;;;

;;;;;;;;;;;;;;;;;;;;;;;;;;;;;;;;;;

;;;;;;;;;;;;;;;;;;;;;;;;;;;;;;;;;;

;;;;;;;;;;;;;;;;;;;;;;;;;;;;;;;;;;

;;;;;;;;;;;;;;;;;;;;;;;;;;;;;;;;;;

;;;;;;;;;;;;;;;;;;;;;;;;;;;;;;;;;;

;;;;;;;;;;;;;;;;;;;;;;;;;;;;;;;;;;

;;;;;;;;;;;;;;;;;;;;;;;;;;;;;;;;;;

;;;;;;;;;;;;;;;;;;;;;;;;;;;;;;;;;;

;;;;;;;;;;;;;;;;;;;;;;;;;;;;;;;;;;

;;;;;;;;;;;;;;;;;;;;;;;;;;;;;;;;;;

;;;;;;;;;;;;;;;;;;;;;;;;;;;;;;;;;;

;;;;;;;;;;;;;;;;;;;;;;;;;;;;;;;;;;

;;;;;;;;;;;;;;;;;;;;;;;;;;;;;;;;;;

;;;;;;;;;;;;;;;;;;;;;;;;;;;;;;;;;;

;;;;;;;;;;;;;;;;;;;;;;;;;;;;;;;;;;

;;;;;;;;;;;;;;;;;;;;;;;;;;;;;;;;;;

;;;;;;;;;;;;;;;;;;;;;;;;;;;;;;;;;;

;;;;;;;;;;;;;;;;;;;;;;;;;;;;;;;;;;

;;;;;;;;;;;;;;;;;;;;;;;;;;;;;;;;;;

;;;;;;;;;;;;;;;;;;;;;;;;;;;;;;;;;;

;;;;;;;;;;;;;;;;;;;;;;;;;;;;;;;;;;

;;;;;;;;;;;;;;;;;;;;;;;;;;;;;;;;;;

;;;;;;;;;;;;;;;;;;;;;;;;;;;;;;;;;;

;;;;;;;;;;;;;;;;;;;;;;;;;;;;;;;;;;

;;;;;;;;;;;;;;;;;;;;;;;;;;;;;;;;;;

;;;;;;;;;;;;;;;;;;;;;;;;;;;;;;;;;;

;;;;;;;;;;;;;;;;;;;;;;;;;;;;;;;;;;

;;;;;;;;;;;;;;;;;;;;;;;;;;;;;;;;;;

;;;;;;;;;;;;;;;;;;;;;;;;;;;;;;;;;;

;;;;;;;;;;;;;;;;;;;;;;;;;;;;;;;;;;

;;;;;;;;;;;;;;;;;;;;;;;;;;;;;;;;;;

;;;;;;;;;;;;;;;;;;;;;;;;;;;;;;;;;;

;;;;;;;;;;;;;;;;;;;;;;;;;;;;;;;;;;

;;;;;;;;;;;;;;;;;;;;;;;;;;;;;;;;;;

;;;;;;;;;;;;;;;;;;;;;;;;;;;;;;;;;;

;;;;;;;;;;;;;;;;;;;;;;;;;;;;;;;;;;

;;;;;;;;;;;;;;;;;;;;;;;;;;;;;;;;;;

;;;;;;;;;;;;;;;;;;;;;;;;;;;;;;;;;;

;;;;;;;;;;;;;;;;;;;;;;;;;;;;;;;;;;

;;;;;;;;;;;;;;;;;;;;;;;;;;;;;;;;;;

;;;;;;;;;;;;;;;;;;;;;;;;;;;;;;;;;;

;;;;;;;;;;;;;;;;;;;;;;;;;;;;;;;;;;

;;;;;;;;;;;;;;;;;;;;;;;;;;;;;;;;;;

;;;;;;;;;;;;;;;;;;;;;;;;;;;;;;;;;;

;;;;;;;;;;;;;;;;;;;;;;;;;;;;;;;;;;

;;;;;;;;;;;;;;;;;;;;;;;;;;;;;;;;;;

;;;;;;;;;;;;;;;;;;;;;;;;;;;;;;;;;;

;;;;;;;;;;;;;;;;;;;;;;;;;;;;;;;;;;

;;;;;;;;;;;;;;;;;;;;;;;;;;;;;;;;;;

;;;;;;;;;;;;;;;;;;;;;;;;;;;;;;;;;;

;;;;;;;;;;;;;;;;;;;;;;;;;;;;;;;;;;

;;;;;;;;;;;;;;;;;;;;;;;;;;;;;;;;;;

;;;;;;;;;;;;;;;;;;;;;;;;;;;;;;;;;;

;;;;;;;;;;;;;;;;;;;;;;;;;;;;;;;;;;

;;;;;;;;;;;;;;;;;;;;;;;;;;;;;;;;;;

;;;;;;;;;;;;;;;;;;;;;;;;;;;;;;;;;;

;;;;;;;;;;;;;;;;;;;;;;;;;;;;;;;;;;

;;;;;;;;;;;;;;;;;;;;;;;;;;;;;;;;;;

;;;;;;;;;;;;;;;;;;;;;;;;;;;;;;;;;;

;;;;;;;;;;;;;;;;;;;;;;;;;;;;;;;;;;

;;;;;;;;;;;;;;;;;;;;;;;;;;;;;;;;;;

;;;;;;;;;;;;;;;;;;;;;;;;;;;;;;;;;;

;;;;;;;;;;;;;;;;;;;;;;;;;;;;;;;;;;

;;;;;;;;;;;;;;;;;;;;;;;;;;;;;;;;;;

;;;;;;;;;;;;;;;;;;;;;;;;;;;;;;;;;;

;;;;;;;;;;;;;;;;;;;;;;;;;;;;;;;;;;

;;;;;;;;;;;;;;;;;;;;;;;;;;;;;;;;;;

;;;;;;;;;;;;;;;;;;;;;;;;;;;;;;;;;;

;;;;;;;;;;;;;;;;;;;;;;;;;;;;;;;;;;

;;;;;;;;;;;;;;;;;;;;;;;;;;;;;;;;;;

;;;;;;;;;;;;;;;;;;;;;;;;;;;;;;;;;;

;;;;;;;;;;;;;;;;;;;;;;;;;;;;;;;;;;

;;;;;;;;;;;;;;;;;;;;;;;;;;;;;;;;;;

;;;;;;;;;;;;;;;;;;;;;;;;;;;;;;;;;;

;;;;;;;;;;;;;;;;;;;;;;;;;;;;;;;;;;

;;;;;;;;;;;;;;;;;;;;;;;;;;;;;;;;;;

;;;;;;;;;;;;;;;;;;;;;;;;;;;;;;;;;;

;;;;;;;;;;;;;;;;;;;;;;;;;;;;;;;;;;

;;;;;;;;;;;;;;;;;;;;;;;;;;;;;;;;;;

;;;;;;;;;;;;;;;;;;;;;;;;;;;;;;;;;;

;;;;;;;;;;;;;;;;;;;;;;;;;;;;;;;;;;

;;;;;;;;;;;;;;;;;;;;;;;;;;;;;;;;;;

;;;;;;;;;;;;;;;;;;;;;;;;;;;;;;;;;;

;;;;;;;;;;;;;;;;;;;;;;;;;;;;;;;;;;

;;;;;;;;;;;;;;;;;;;;;;;;;;;;;;;;;;

;;;;;;;;;;;;;;;;;;;;;;;;;;;;;;;;;;

;;;;;;;;;;;;;;;;;;;;;;;;;;;;;;;;;;

;;;;;;;;;;;;;;;;;;;;;;;;;;;;;;;;;;

;;;;;;;;;;;;;;;;;;;;;;;;;;;;;;;;;;

;;;;;;;;;;;;;;;;;;;;;;;;;;;;;;;;;;

;;;;;;;;;;;;;;;;;;;;;;;;;;;;;;;;;;

;;;;;;;;;;;;;;;;;;;;;;;;;;;;;;;;;;

;;;;;;;;;;;;;;;;;;;;;;;;;;;;;;;;;;

;;;;;;;;;;;;;;;;;;;;;;;;;;;;;;;;;;

;;;;;;;;;;;;;;;;;;;;;;;;;;;;;;;;;;

;;;;;;;;;;;;;;;;;;;;;;;;;;;;;;;;;;

;;;;;;;;;;;;;;;;;;;;;;;;;;;;;;;;;;

;;;;;;;;;;;;;;;;;;;;;;;;;;;;;;;;;;

;;;;;;;;;;;;;;;;;;;;;;;;;;;;;;;;;;

;;;;;;;;;;;;;;;;;;;;;;;;;;;;;;;;;;

;;;;;;;;;;;;;;;;;;;;;;;;;;;;;;;;;;

;;;;;;;;;;;;;;;;;;;;;;;;;;;;;;;;;;

;;;;;;;;;;;;;;;;;;;;;;;;;;;;;;;;;;

;;;;;;;;;;;;;;;;;;;;;;;;;;;;;;;;;;

;;;;;;;;;;;;;;;;;;;;;;;;;;;;;;;;;;

;;;;;;;;;;;;;;;;;;;;;;;;;;;;;;;;;;

;;;;;;;;;;;;;;;;;;;;;;;;;;;;;;;;;;

;;;;;;;;;;;;;;;;;;;;;;;;;;;;;;;;;;

;;;;;;;;;;;;;;;;;;;;;;;;;;;;;;;;;;

;;;;;;;;;;;;;;;;;;;;;;;;;;;;;;;;;;

;;;;;;;;;;;;;;;;;;;;;;;;;;;;;;;;;;

;;;;;;;;;;;;;;;;;;;;;;;;;;;;;;;;;;

;;;;;;;;;;;;;;;;;;;;;;;;;;;;;;;;;;

;;;;;;;;;;;;;;;;;;;;;;;;;;;;;;;;;;

;;;;;;;;;;;;;;;;;;;;;;;;;;;;;;;;;;

;;;;;;;;;;;;;;;;;;;;;;;;;;;;;;;;;;

;;;;;;;;;;;;;;;;;;;;;;;;;;;;;;;;;;

;;;;;;;;;;;;;;;;;;;;;;;;;;;;;;;;;;

;;;;;;;;;;;;;;;;;;;;;;;;;;;;;;;;;;

;;;;;;;;;;;;;;;;;;;;;;;;;;;;;;;;;;

;;;;;;;;;;;;;;;;;;;;;;;;;;;;;;;;;;

;;;;;;;;;;;;;;;;;;;;;;;;;;;;;;;;;;

;;;;;;;;;;;;;;;;;;;;;;;;;;;;;;;;;;

;;;;;;;;;;;;;;;;;;;;;;;;;;;;;;;;;;

;;;;;;;;;;;;;;;;;;;;;;;;;;;;;;;;;;

;;;;;;;;;;;;;;;;;;;;;;;;;;;;;;;;;;

;;;;;;;;;;;;;;;;;;;;;;;;;;;;;;;;;;

;;;;;;;;;;;;;;;;;;;;;;;;;;;;;;;;;;

;;;;;;;;;;;;;;;;;;;;;;;;;;;;;;;;;;

;;;;;;;;;;;;;;;;;;;;;;;;;;;;;;;;;;

;;;;;;;;;;;;;;;;;;;;;;;;;;;;;;;;;;

;;;;;;;;;;;;;;;;;;;;;;;;;;;;;;;;;;

;;;;;;;;;;;;;;;;;;;;;;;;;;;;;;;;;;

;;;;;;;;;;;;;;;;;;;;;;;;;;;;;;;;;;

;;;;;;;;;;;;;;;;;;;;;;;;;;;;;;;;;;

;;;;;;;;;;;;;;;;;;;;;;;;;;;;;;;;;;

;;;;;;;;;;;;;;;;;;;;;;;;;;;;;;;;;;

;;;;;;;;;;;;;;;;;;;;;;;;;;;;;;;;;;

;;;;;;;;;;;;;;;;;;;;;;;;;;;;;;;;;;

;;;;;;;;;;;;;;;;;;;;;;;;;;;;;;;;;;

;;;;;;;;;;;;;;;;;;;;;;;;;;;;;;;;;;

;;;;;;;;;;;;;;;;;;;;;;;;;;;;;;;;;;

;;;;;;;;;;;;;;;;;;;;;;;;;;;;;;;;;;

;;;;;;;;;;;;;;;;;;;;;;;;;;;;;;;;;;

;;;;;;;;;;;;;;;;;;;;;;;;;;;;;;;;;;

;;;;;;;;;;;;;;;;;;;;;;;;;;;;;;;;;;

;;;;;;;;;;;;;;;;;;;;;;;;;;;;;;;;;;

;;;;;;;;;;;;;;;;;;;;;;;;;;;;;;;;;;

;;;;;;;;;;;;;;;;;;;;;;;;;;;;;;;;;;

;;;;;;;;;;;;;;;;;;;;;;;;;;;;;;;;;;

;;;;;;;;;;;;;;;;;;;;;;;;;;;;;;;;;;

;;;;;;;;;;;;;;;;;;;;;;;;;;;;;;;;;;

;;;;;;;;;;;;;;;;;;;;;;;;;;;;;;;;;;

;;;;;;;;;;;;;;;;;;;;;;;;;;;;;;;;;;

;;;;;;;;;;;;;;;;;;;;;;;;;;;;;;;;;;

;;;;;;;;;;;;;;;;;;;;;;;;;;;;;;;;;;

;;;;;;;;;;;;;;;;;;;;;;;;;;;;;;;;;;

;;;;;;;;;;;;;;;;;;;;;;;;;;;;;;;;;;

;;;;;;;;;;;;;;;;;;;;;;;;;;;;;;;;;;

;;;;;;;;;;;;;;;;;;;;;;;;;;;;;;;;;;

;;;;;;;;;;;;;;;;;;;;;;;;;;;;;;;;;;

;;;;;;;;;;;;;;;;;;;;;;;;;;;;;;;;;;

;;;;;;;;;;;;;;;;;;;;;;;;;;;;;;;;;;

;;;;;;;;;;;;;;;;;;;;;;;;;;;;;;;;;;

;;;;;;;;;;;;;;;;;;;;;;;;;;;;;;;;;;

;;;;;;;;;;;;;;;;;;;;;;;;;;;;;;;;;;

;;;;;;;;;;;;;;;;;;;;;;;;;;;;;;;;;;

;;;;;;;;;;;;;;;;;;;;;;;;;;;;;;;;;;

;;;;;;;;;;;;;;;;;;;;;;;;;;;;;;;;;;

;;;;;;;;;;;;;;;;;;;;;;;;;;;;;;;;;;

;;;;;;;;;;;;;;;;;;;;;;;;;;;;;;;;;;

;;;;;;;;;;;;;;;;;;;;;;;;;;;;;;;;;;

;;;;;;;;;;;;;;;;;;;;;;;;;;;;;;;;;;

;;;;;;;;;;;;;;;;;;;;;;;;;;;;;;;;;;

;;;;;;;;;;;;;;;;;;;;;;;;;;;;;;;;;;

;;;;;;;;;;;;;;;;;;;;;;;;;;;;;;;;;;

;;;;;;;;;;;;;;;;;;;;;;;;;;;;;;;;;;

;;;;;;;;;;;;;;;;;;;;;;;;;;;;;;;;;;

;;;;;;;;;;;;;;;;;;;;;;;;;;;;;;;;;;

;;;;;;;;;;;;;;;;;;;;;;;;;;;;;;;;;;

;;;;;;;;;;;;;;;;;;;;;;;;;;;;;;;;;;

;;;;;;;;;;;;;;;;;;;;;;;;;;;;;;;;;;

;;;;;;;;;;;;;;;;;;;;;;;;;;;;;;;;;;

;;;;;;;;;;;;;;;;;;;;;;;;;;;;;;;;;;

;;;;;;;;;;;;;;;;;;;;;;;;;;;;;;;;;;

;;;;;;;;;;;;;;;;;;;;;;;;;;;;;;;;;;

;;;;;;;;;;;;;;;;;;;;;;;;;;;;;;;;;;

;;;;;;;;;;;;;;;;;;;;;;;;;;;;;;;;;;

;;;;;;;;;;;;;;;;;;;;;;;;;;;;;;;;;;

;;;;;;;;;;;;;;;;;;;;;;;;;;;;;;;;;;

;;;;;;;;;;;;;;;;;;;;;;;;;;;;;;;;;;

;;;;;;;;;;;;;;;;;;;;;;;;;;;;;;;;;;

;;;;;;;;;;;;;;;;;;;;;;;;;;;;;;;;;;

;;;;;;;;;;;;;;;;;;;;;;;;;;;;;;;;;;

;;;;;;;;;;;;;;;;;;;;;;;;;;;;;;;;;;

;;;;;;;;;;;;;;;;;;;;;;;;;;;;;;;;;;

;;;;;;;;;;;;;;;;;;;;;;;;;;;;;;;;;;

;;;;;;;;;;;;;;;;;;;;;;;;;;;;;;;;;;

;;;;;;;;;;;;;;;;;;;;;;;;;;;;;;;;;;

;;;;;;;;;;;;;;;;;;;;;;;;;;;;;;;;;;

;;;;;;;;;;;;;;;;;;;;;;;;;;;;;;;;;;

;;;;;;;;;;;;;;;;;;;;;;;;;;;;;;;;;;

;;;;;;;;;;;;;;;;;;;;;;;;;;;;;;;;;;

;;;;;;;;;;;;;;;;;;;;;;;;;;;;;;;;;;

;;;;;;;;;;;;;;;;;;;;;;;;;;;;;;;;;;

;;;;;;;;;;;;;;;;;;;;;;;;;;;;;;;;;;

;;;;;;;;;;;;;;;;;;;;;;;;;;;;;;;;;;

;;;;;;;;;;;;;;;;;;;;;;;;;;;;;;;;;;

;;;;;;;;;;;;;;;;;;;;;;;;;;;;;;;;;;

;;;;;;;;;;;;;;;;;;;;;;;;;;;;;;;;;;

;;;;;;;;;;;;;;;;;;;;;;;;;;;;;;;;;;

;;;;;;;;;;;;;;;;;;;;;;;;;;;;;;;;;;

;;;;;;;;;;;;;;;;;;;;;;;;;;;;;;;;;;

;;;;;;;;;;;;;;;;;;;;;;;;;;;;;;;;;;

;;;;;;;;;;;;;;;;;;;;;;;;;;;;;;;;;;

;;;;;;;;;;;;;;;;;;;;;;;;;;;;;;;;;;

;;;;;;;;;;;;;;;;;;;;;;;;;;;;;;;;;;

;;;;;;;;;;;;;;;;;;;;;;;;;;;;;;;;;;

;;;;;;;;;;;;;;;;;;;;;;;;;;;;;;;;;;

;;;;;;;;;;;;;;;;;;;;;;;;;;;;;;;;;;

;;;;;;;;;;;;;;;;;;;;;;;;;;;;;;;;;;

;;;;;;;;;;;;;;;;;;;;;;;;;;;;;;;;;;

;;;;;;;;;;;;;;;;;;;;;;;;;;;;;;;;;;

;;;;;;;;;;;;;;;;;;;;;;;;;;;;;;;;;;

;;;;;;;;;;;;;;;;;;;;;;;;;;;;;;;;;;

;;;;;;;;;;;;;;;;;;;;;;;;;;;;;;;;;;

;;;;;;;;;;;;;;;;;;;;;;;;;;;;;;;;;;

;;;;;;;;;;;;;;;;;;;;;;;;;;;;;;;;;;

;;;;;;;;;;;;;;;;;;;;;;;;;;;;;;;;;;

;;;;;;;;;;;;;;;;;;;;;;;;;;;;;;;;;;

;;;;;;;;;;;;;;;;;;;;;;;;;;;;;;;;;;

;;;;;;;;;;;;;;;;;;;;;;;;;;;;;;;;;;

;;;;;;;;;;;;;;;;;;;;;;;;;;;;;;;;;;

;;;;;;;;;;;;;;;;;;;;;;;;;;;;;;;;;;

;;;;;;;;;;;;;;;;;;;;;;;;;;;;;;;;;;

;;;;;;;;;;;;;;;;;;;;;;;;;;;;;;;;;;

;;;;;;;;;;;;;;;;;;;;;;;;;;;;;;;;;;

;;;;;;;;;;;;;;;;;;;;;;;;;;;;;;;;;;

;;;;;;;;;;;;;;;;;;;;;;;;;;;;;;;;;;

;;;;;;;;;;;;;;;;;;;;;;;;;;;;;;;;;;

;;;;;;;;;;;;;;;;;;;;;;;;;;;;;;;;;;

;;;;;;;;;;;;;;;;;;;;;;;;;;;;;;;;;;

;;;;;;;;;;;;;;;;;;;;;;;;;;;;;;;;;;

;;;;;;;;;;;;;;;;;;;;;;;;;;;;;;;;;;

;;;;;;;;;;;;;;;;;;;;;;;;;;;;;;;;;;

;;;;;;;;;;;;;;;;;;;;;;;;;;;;;;;;;;

;;;;;;;;;;;;;;;;;;;;;;;;;;;;;;;;;;

;;;;;;;;;;;;;;;;;;;;;;;;;;;;;;;;;;

;;;;;;;;;;;;;;;;;;;;;;;;;;;;;;;;;;

;;;;;;;;;;;;;;;;;;;;;;;;;;;;;;;;;;

;;;;;;;;;;;;;;;;;;;;;;;;;;;;;;;;;;

;;;;;;;;;;;;;;;;;;;;;;;;;;;;;;;;;;

;;;;;;;;;;;;;;;;;;;;;;;;;;;;;;;;;;

;;;;;;;;;;;;;;;;;;;;;;;;;;;;;;;;;;

;;;;;;;;;;;;;;;;;;;;;;;;;;;;;;;;;;

;;;;;;;;;;;;;;;;;;;;;;;;;;;;;;;;;;

;;;;;;;;;;;;;;;;;;;;;;;;;;;;;;;;;;

;;;;;;;;;;;;;;;;;;;;;;;;;;;;;;;;;;

;;;;;;;;;;;;;;;;;;;;;;;;;;;;;;;;;;

;;;;;;;;;;;;;;;;;;;;;;;;;;;;;;;;;;

;;;;;;;;;;;;;;;;;;;;;;;;;;;;;;;;;;

;;;;;;;;;;;;;;;;;;;;;;;;;;;;;;;;;;

;;;;;;;;;;;;;;;;;;;;;;;;;;;;;;;;;;

;;;;;;;;;;;;;;;;;;;;;;;;;;;;;;;;;;

;;;;;;;;;;;;;;;;;;;;;;;;;;;;;;;;;;

;;;;;;;;;;;;;;;;;;;;;;;;;;;;;;;;;;

;;;;;;;;;;;;;;;;;;;;;;;;;;;;;;;;;;

;;;;;;;;;;;;;;;;;;;;;;;;;;;;;;;;;;

;;;;;;;;;;;;;;;;;;;;;;;;;;;;;;;;;;

;;;;;;;;;;;;;;;;;;;;;;;;;;;;;;;;;;

;;;;;;;;;;;;;;;;;;;;;;;;;;;;;;;;;;

;;;;;;;;;;;;;;;;;;;;;;;;;;;;;;;;;;

;;;;;;;;;;;;;;;;;;;;;;;;;;;;;;;;;;

;;;;;;;;;;;;;;;;;;;;;;;;;;;;;;;;;;

;;;;;;;;;;;;;;;;;;;;;;;;;;;;;;;;;;

;;;;;;;;;;;;;;;;;;;;;;;;;;;;;;;;;;

;;;;;;;;;;;;;;;;;;;;;;;;;;;;;;;;;;

;;;;;;;;;;;;;;;;;;;;;;;;;;;;;;;;;;

;;;;;;;;;;;;;;;;;;;;;;;;;;;;;;;;;;

;;;;;;;;;;;;;;;;;;;;;;;;;;;;;;;;;;

;;;;;;;;;;;;;;;;;;;;;;;;;;;;;;;;;;

;;;;;;;;;;;;;;;;;;;;;;;;;;;;;;;;;;

;;;;;;;;;;;;;;;;;;;;;;;;;;;;;;;;;;

;;;;;;;;;;;;;;;;;;;;;;;;;;;;;;;;;;

;;;;;;;;;;;;;;;;;;;;;;;;;;;;;;;;;;

;;;;;;;;;;;;;;;;;;;;;;;;;;;;;;;;;;

;;;;;;;;;;;;;;;;;;;;;;;;;;;;;;;;;;

;;;;;;;;;;;;;;;;;;;;;;;;;;;;;;;;;;

;;;;;;;;;;;;;;;;;;;;;;;;;;;;;;;;;;

;;;;;;;;;;;;;;;;;;;;;;;;;;;;;;;;;;

;;;;;;;;;;;;;;;;;;;;;;;;;;;;;;;;;;

;;;;;;;;;;;;;;;;;;;;;;;;;;;;;;;;;;

;;;;;;;;;;;;;;;;;;;;;;;;;;;;;;;;;;

;;;;;;;;;;;;;;;;;;;;;;;;;;;;;;;;;;

;;;;;;;;;;;;;;;;;;;;;;;;;;;;;;;;;;

;;;;;;;;;;;;;;;;;;;;;;;;;;;;;;;;;;

;;;;;;;;;;;;;;;;;;;;;;;;;;;;;;;;;;

;;;;;;;;;;;;;;;;;;;;;;;;;;;;;;;;;;

;;;;;;;;;;;;;;;;;;;;;;;;;;;;;;;;;;

;;;;;;;;;;;;;;;;;;;;;;;;;;;;;;;;;;

;;;;;;;;;;;;;;;;;;;;;;;;;;;;;;;;;;

;;;;;;;;;;;;;;;;;;;;;;;;;;;;;;;;;;

;;;;;;;;;;;;;;;;;;;;;;;;;;;;;;;;;;

;;;;;;;;;;;;;;;;;;;;;;;;;;;;;;;;;;

;;;;;;;;;;;;;;;;;;;;;;;;;;;;;;;;;;

;;;;;;;;;;;;;;;;;;;;;;;;;;;;;;;;;;

;;;;;;;;;;;;;;;;;;;;;;;;;;;;;;;;;;

;;;;;;;;;;;;;;;;;;;;;;;;;;;;;;;;;;

;;;;;;;;;;;;;;;;;;;;;;;;;;;;;;;;;;

;;;;;;;;;;;;;;;;;;;;;;;;;;;;;;;;;;

;;;;;;;;;;;;;;;;;;;;;;;;;;;;;;;;;;

;;;;;;;;;;;;;;;;;;;;;;;;;;;;;;;;;;

;;;;;;;;;;;;;;;;;;;;;;;;;;;;;;;;;;

;;;;;;;;;;;;;;;;;;;;;;;;;;;;;;;;;;

;;;;;;;;;;;;;;;;;;;;;;;;;;;;;;;;;;

;;;;;;;;;;;;;;;;;;;;;;;;;;;;;;;;;;

;;;;;;;;;;;;;;;;;;;;;;;;;;;;;;;;;;

;;;;;;;;;;;;;;;;;;;;;;;;;;;;;;;;;;

;;;;;;;;;;;;;;;;;;;;;;;;;;;;;;;;;;

;;;;;;;;;;;;;;;;;;;;;;;;;;;;;;;;;;

;;;;;;;;;;;;;;;;;;;;;;;;;;;;;;;;;;

;;;;;;;;;;;;;;;;;;;;;;;;;;;;;;;;;;

;;;;;;;;;;;;;;;;;;;;;;;;;;;;;;;;;;

;;;;;;;;;;;;;;;;;;;;;;;;;;;;;;;;;;

;;;;;;;;;;;;;;;;;;;;;;;;;;;;;;;;;;

;;;;;;;;;;;;;;;;;;;;;;;;;;;;;;;;;;

;;;;;;;;;;;;;;;;;;;;;;;;;;;;;;;;;;

;;;;;;;;;;;;;;;;;;;;;;;;;;;;;;;;;;

;;;;;;;;;;;;;;;;;;;;;;;;;;;;;;;;;;

;;;;;;;;;;;;;;;;;;;;;;;;;;;;;;;;;;

;;;;;;;;;;;;;;;;;;;;;;;;;;;;;;;;;;

;;;;;;;;;;;;;;;;;;;;;;;;;;;;;;;;;;

;;;;;;;;;;;;;;;;;;;;;;;;;;;;;;;;;;

;;;;;;;;;;;;;;;;;;;;;;;;;;;;;;;;;;

;;;;;;;;;;;;;;;;;;;;;;;;;;;;;;;;;;

;;;;;;;;;;;;;;;;;;;;;;;;;;;;;;;;;;

;;;;;;;;;;;;;;;;;;;;;;;;;;;;;;;;;;

;;;;;;;;;;;;;;;;;;;;;;;;;;;;;;;;;;

;;;;;;;;;;;;;;;;;;;;;;;;;;;;;;;;;;

;;;;;;;;;;;;;;;;;;;;;;;;;;;;;;;;;;

;;;;;;;;;;;;;;;;;;;;;;;;;;;;;;;;;;

;;;;;;;;;;;;;;;;;;;;;;;;;;;;;;;;;;

;;;;;;;;;;;;;;;;;;;;;;;;;;;;;;;;;;

;;;;;;;;;;;;;;;;;;;;;;;;;;;;;;;;;;

;;;;;;;;;;;;;;;;;;;;;;;;;;;;;;;;;;

;;;;;;;;;;;;;;;;;;;;;;;;;;;;;;;;;;

;;;;;;;;;;;;;;;;;;;;;;;;;;;;;;;;;;

;;;;;;;;;;;;;;;;;;;;;;;;;;;;;;;;;;

;;;;;;;;;;;;;;;;;;;;;;;;;;;;;;;;;;

;;;;;;;;;;;;;;;;;;;;;;;;;;;;;;;;;;

;;;;;;;;;;;;;;;;;;;;;;;;;;;;;;;;;;

;;;;;;;;;;;;;;;;;;;;;;;;;;;;;;;;;;

;;;;;;;;;;;;;;;;;;;;;;;;;;;;;;;;;;

;;;;;;;;;;;;;;;;;;;;;;;;;;;;;;;;;;

;;;;;;;;;;;;;;;;;;;;;;;;;;;;;;;;;;

;;;;;;;;;;;;;;;;;;;;;;;;;;;;;;;;;;

;;;;;;;;;;;;;;;;;;;;;;;;;;;;;;;;;;

;;;;;;;;;;;;;;;;;;;;;;;;;;;;;;;;;;

;;;;;;;;;;;;;;;;;;;;;;;;;;;;;;;;;;

;;;;;;;;;;;;;;;;;;;;;;;;;;;;;;;;;;

;;;;;;;;;;;;;;;;;;;;;;;;;;;;;;;;;;

;;;;;;;;;;;;;;;;;;;;;;;;;;;;;;;;;;

;;;;;;;;;;;;;;;;;;;;;;;;;;;;;;;;;;

;;;;;;;;;;;;;;;;;;;;;;;;;;;;;;;;;;

;;;;;;;;;;;;;;;;;;;;;;;;;;;;;;;;;;

;;;;;;;;;;;;;;;;;;;;;;;;;;;;;;;;;;

;;;;;;;;;;;;;;;;;;;;;;;;;;;;;;;;;;

;;;;;;;;;;;;;;;;;;;;;;;;;;;;;;;;;;

;;;;;;;;;;;;;;;;;;;;;;;;;;;;;;;;;;

;;;;;;;;;;;;;;;;;;;;;;;;;;;;;;;;;;

;;;;;;;;;;;;;;;;;;;;;;;;;;;;;;;;;;

;;;;;;;;;;;;;;;;;;;;;;;;;;;;;;;;;;

;;;;;;;;;;;;;;;;;;;;;;;;;;;;;;;;;;

;;;;;;;;;;;;;;;;;;;;;;;;;;;;;;;;;;

;;;;;;;;;;;;;;;;;;;;;;;;;;;;;;;;;;

;;;;;;;;;;;;;;;;;;;;;;;;;;;;;;;;;;

;;;;;;;;;;;;;;;;;;;;;;;;;;;;;;;;;;

;;;;;;;;;;;;;;;;;;;;;;;;;;;;;;;;;;

;;;;;;;;;;;;;;;;;;;;;;;;;;;;;;;;;;

;;;;;;;;;;;;;;;;;;;;;;;;;;;;;;;;;;

;;;;;;;;;;;;;;;;;;;;;;;;;;;;;;;;;;

;;;;;;;;;;;;;;;;;;;;;;;;;;;;;;;;;;

;;;;;;;;;;;;;;;;;;;;;;;;;;;;;;;;;;

;;;;;;;;;;;;;;;;;;;;;;;;;;;;;;;;;;

;;;;;;;;;;;;;;;;;;;;;;;;;;;;;;;;;;

;;;;;;;;;;;;;;;;;;;;;;;;;;;;;;;;;;

;;;;;;;;;;;;;;;;;;;;;;;;;;;;;;;;;;

;;;;;;;;;;;;;;;;;;;;;;;;;;;;;;;;;;

;;;;;;;;;;;;;;;;;;;;;;;;;;;;;;;;;;

;;;;;;;;;;;;;;;;;;;;;;;;;;;;;;;;;;

;;;;;;;;;;;;;;;;;;;;;;;;;;;;;;;;;;

;;;;;;;;;;;;;;;;;;;;;;;;;;;;;;;;;;

;;;;;;;;;;;;;;;;;;;;;;;;;;;;;;;;;;

;;;;;;;;;;;;;;;;;;;;;;;;;;;;;;;;;;

;;;;;;;;;;;;;;;;;;;;;;;;;;;;;;;;;;

;;;;;;;;;;;;;;;;;;;;;;;;;;;;;;;;;;

;;;;;;;;;;;;;;;;;;;;;;;;;;;;;;;;;;

;;;;;;;;;;;;;;;;;;;;;;;;;;;;;;;;;;

;;;;;;;;;;;;;;;;;;;;;;;;;;;;;;;;;;

;;;;;;;;;;;;;;;;;;;;;;;;;;;;;;;;;;

;;;;;;;;;;;;;;;;;;;;;;;;;;;;;;;;;;

;;;;;;;;;;;;;;;;;;;;;;;;;;;;;;;;;;

;;;;;;;;;;;;;;;;;;;;;;;;;;;;;;;;;;

;;;;;;;;;;;;;;;;;;;;;;;;;;;;;;;;;;

;;;;;;;;;;;;;;;;;;;;;;;;;;;;;;;;;;

;;;;;;;;;;;;;;;;;;;;;;;;;;;;;;;;;;

;;;;;;;;;;;;;;;;;;;;;;;;;;;;;;;;;;

;;;;;;;;;;;;;;;;;;;;;;;;;;;;;;;;;;

;;;;;;;;;;;;;;;;;;;;;;;;;;;;;;;;;;

;;;;;;;;;;;;;;;;;;;;;;;;;;;;;;;;;;

;;;;;;;;;;;;;;;;;;;;;;;;;;;;;;;;;;

;;;;;;;;;;;;;;;;;;;;;;;;;;;;;;;;;;

;;;;;;;;;;;;;;;;;;;;;;;;;;;;;;;;;;

;;;;;;;;;;;;;;;;;;;;;;;;;;;;;;;;;;

;;;;;;;;;;;;;;;;;;;;;;;;;;;;;;;;;;

;;;;;;;;;;;;;;;;;;;;;;;;;;;;;;;;;;

;;;;;;;;;;;;;;;;;;;;;;;;;;;;;;;;;;

;;;;;;;;;;;;;;;;;;;;;;;;;;;;;;;;;;

;;;;;;;;;;;;;;;;;;;;;;;;;;;;;;;;;;

;;;;;;;;;;;;;;;;;;;;;;;;;;;;;;;;;;

;;;;;;;;;;;;;;;;;;;;;;;;;;;;;;;;;;

;;;;;;;;;;;;;;;;;;;;;;;;;;;;;;;;;;

;;;;;;;;;;;;;;;;;;;;;;;;;;;;;;;;;;

;;;;;;;;;;;;;;;;;;;;;;;;;;;;;;;;;;

;;;;;;;;;;;;;;;;;;;;;;;;;;;;;;;;;;

;;;;;;;;;;;;;;;;;;;;;;;;;;;;;;;;;;

;;;;;;;;;;;;;;;;;;;;;;;;;;;;;;;;;;

;;;;;;;;;;;;;;;;;;;;;;;;;;;;;;;;;;

;;;;;;;;;;;;;;;;;;;;;;;;;;;;;;;;;;

;;;;;;;;;;;;;;;;;;;;;;;;;;;;;;;;;;

;;;;;;;;;;;;;;;;;;;;;;;;;;;;;;;;;;

;;;;;;;;;;;;;;;;;;;;;;;;;;;;;;;;;;

;;;;;;;;;;;;;;;;;;;;;;;;;;;;;;;;;;

;;;;;;;;;;;;;;;;;;;;;;;;;;;;;;;;;;

;;;;;;;;;;;;;;;;;;;;;;;;;;;;;;;;;;

;;;;;;;;;;;;;;;;;;;;;;;;;;;;;;;;;;

;;;;;;;;;;;;;;;;;;;;;;;;;;;;;;;;;;

;;;;;;;;;;;;;;;;;;;;;;;;;;;;;;;;;;

;;;;;;;;;;;;;;;;;;;;;;;;;;;;;;;;;;

;;;;;;;;;;;;;;;;;;;;;;;;;;;;;;;;;;

;;;;;;;;;;;;;;;;;;;;;;;;;;;;;;;;;;

;;;;;;;;;;;;;;;;;;;;;;;;;;;;;;;;;;

;;;;;;;;;;;;;;;;;;;;;;;;;;;;;;;;;;

;;;;;;;;;;;;;;;;;;;;;;;;;;;;;;;;;;

;;;;;;;;;;;;;;;;;;;;;;;;;;;;;;;;;;

;;;;;;;;;;;;;;;;;;;;;;;;;;;;;;;;;;

;;;;;;;;;;;;;;;;;;;;;;;;;;;;;;;;;;

;;;;;;;;;;;;;;;;;;;;;;;;;;;;;;;;;;

;;;;;;;;;;;;;;;;;;;;;;;;;;;;;;;;;;

;;;;;;;;;;;;;;;;;;;;;;;;;;;;;;;;;;

;;;;;;;;;;;;;;;;;;;;;;;;;;;;;;;;;;

;;;;;;;;;;;;;;;;;;;;;;;;;;;;;;;;;;

;;;;;;;;;;;;;;;;;;;;;;;;;;;;;;;;;;

;;;;;;;;;;;;;;;;;;;;;;;;;;;;;;;;;;

;;;;;;;;;;;;;;;;;;;;;;;;;;;;;;;;;;

;;;;;;;;;;;;;;;;;;;;;;;;;;;;;;;;;;

;;;;;;;;;;;;;;;;;;;;;;;;;;;;;;;;;;

;;;;;;;;;;;;;;;;;;;;;;;;;;;;;;;;;;

;;;;;;;;;;;;;;;;;;;;;;;;;;;;;;;;;;

;;;;;;;;;;;;;;;;;;;;;;;;;;;;;;;;;;

;;;;;;;;;;;;;;;;;;;;;;;;;;;;;;;;;;

;;;;;;;;;;;;;;;;;;;;;;;;;;;;;;;;;;

;;;;;;;;;;;;;;;;;;;;;;;;;;;;;;;;;;

;;;;;;;;;;;;;;;;;;;;;;;;;;;;;;;;;;

;;;;;;;;;;;;;;;;;;;;;;;;;;;;;;;;;;

;;;;;;;;;;;;;;;;;;;;;;;;;;;;;;;;;;

;;;;;;;;;;;;;;;;;;;;;;;;;;;;;;;;;;

;;;;;;;;;;;;;;;;;;;;;;;;;;;;;;;;;;

;;;;;;;;;;;;;;;;;;;;;;;;;;;;;;;;;;

;;;;;;;;;;;;;;;;;;;;;;;;;;;;;;;;;;

;;;;;;;;;;;;;;;;;;;;;;;;;;;;;;;;;;

;;;;;;;;;;;;;;;;;;;;;;;;;;;;;;;;;;

;;;;;;;;;;;;;;;;;;;;;;;;;;;;;;;;;;

;;;;;;;;;;;;;;;;;;;;;;;;;;;;;;;;;;

;;;;;;;;;;;;;;;;;;;;;;;;;;;;;;;;;;

;;;;;;;;;;;;;;;;;;;;;;;;;;;;;;;;;;

;;;;;;;;;;;;;;;;;;;;;;;;;;;;;;;;;;

;;;;;;;;;;;;;;;;;;;;;;;;;;;;;;;;;;

;;;;;;;;;;;;;;;;;;;;;;;;;;;;;;;;;;

;;;;;;;;;;;;;;;;;;;;;;;;;;;;;;;;;;

;;;;;;;;;;;;;;;;;;;;;;;;;;;;;;;;;;

;;;;;;;;;;;;;;;;;;;;;;;;;;;;;;;;;;

;;;;;;;;;;;;;;;;;;;;;;;;;;;;;;;;;;

;;;;;;;;;;;;;;;;;;;;;;;;;;;;;;;;;;

;;;;;;;;;;;;;;;;;;;;;;;;;;;;;;;;;;

;;;;;;;;;;;;;;;;;;;;;;;;;;;;;;;;;;

;;;;;;;;;;;;;;;;;;;;;;;;;;;;;;;;;;

;;;;;;;;;;;;;;;;;;;;;;;;;;;;;;;;;;

;;;;;;;;;;;;;;;;;;;;;;;;;;;;;;;;;;

;;;;;;;;;;;;;;;;;;;;;;;;;;;;;;;;;;

;;;;;;;;;;;;;;;;;;;;;;;;;;;;;;;;;;

;;;;;;;;;;;;;;;;;;;;;;;;;;;;;;;;;;

;;;;;;;;;;;;;;;;;;;;;;;;;;;;;;;;;;

;;;;;;;;;;;;;;;;;;;;;;;;;;;;;;;;;;

;;;;;;;;;;;;;;;;;;;;;;;;;;;;;;;;;;

;;;;;;;;;;;;;;;;;;;;;;;;;;;;;;;;;;

;;;;;;;;;;;;;;;;;;;;;;;;;;;;;;;;;;

;;;;;;;;;;;;;;;;;;;;;;;;;;;;;;;;;;

;;;;;;;;;;;;;;;;;;;;;;;;;;;;;;;;;;

;;;;;;;;;;;;;;;;;;;;;;;;;;;;;;;;;;

;;;;;;;;;;;;;;;;;;;;;;;;;;;;;;;;;;

;;;;;;;;;;;;;;;;;;;;;;;;;;;;;;;;;;

;;;;;;;;;;;;;;;;;;;;;;;;;;;;;;;;;;

;;;;;;;;;;;;;;;;;;;;;;;;;;;;;;;;;;

;;;;;;;;;;;;;;;;;;;;;;;;;;;;;;;;;;

;;;;;;;;;;;;;;;;;;;;;;;;;;;;;;;;;;

;;;;;;;;;;;;;;;;;;;;;;;;;;;;;;;;;;

;;;;;;;;;;;;;;;;;;;;;;;;;;;;;;;;;;

;;;;;;;;;;;;;;;;;;;;;;;;;;;;;;;;;;

;;;;;;;;;;;;;;;;;;;;;;;;;;;;;;;;;;

;;;;;;;;;;;;;;;;;;;;;;;;;;;;;;;;;;

;;;;;;;;;;;;;;;;;;;;;;;;;;;;;;;;;;

;;;;;;;;;;;;;;;;;;;;;;;;;;;;;;;;;;

;;;;;;;;;;;;;;;;;;;;;;;;;;;;;;;;;;

;;;;;;;;;;;;;;;;;;;;;;;;;;;;;;;;;;

;;;;;;;;;;;;;;;;;;;;;;;;;;;;;;;;;;

;;;;;;;;;;;;;;;;;;;;;;;;;;;;;;;;;;

;;;;;;;;;;;;;;;;;;;;;;;;;;;;;;;;;;

;;;;;;;;;;;;;;;;;;;;;;;;;;;;;;;;;;

;;;;;;;;;;;;;;;;;;;;;;;;;;;;;;;;;;

;;;;;;;;;;;;;;;;;;;;;;;;;;;;;;;;;;

;;;;;;;;;;;;;;;;;;;;;;;;;;;;;;;;;;

;;;;;;;;;;;;;;;;;;;;;;;;;;;;;;;;;;

;;;;;;;;;;;;;;;;;;;;;;;;;;;;;;;;;;

;;;;;;;;;;;;;;;;;;;;;;;;;;;;;;;;;;

;;;;;;;;;;;;;;;;;;;;;;;;;;;;;;;;;;

;;;;;;;;;;;;;;;;;;;;;;;;;;;;;;;;;;

;;;;;;;;;;;;;;;;;;;;;;;;;;;;;;;;;;

;;;;;;;;;;;;;;;;;;;;;;;;;;;;;;;;;;

;;;;;;;;;;;;;;;;;;;;;;;;;;;;;;;;;;

;;;;;;;;;;;;;;;;;;;;;;;;;;;;;;;;;;

;;;;;;;;;;;;;;;;;;;;;;;;;;;;;;;;;;

;;;;;;;;;;;;;;;;;;;;;;;;;;;;;;;;;;

;;;;;;;;;;;;;;;;;;;;;;;;;;;;;;;;;;

;;;;;;;;;;;;;;;;;;;;;;;;;;;;;;;;;;

;;;;;;;;;;;;;;;;;;;;;;;;;;;;;;;;;;

;;;;;;;;;;;;;;;;;;;;;;;;;;;;;;;;;;

;;;;;;;;;;;;;;;;;;;;;;;;;;;;;;;;;;

;;;;;;;;;;;;;;;;;;;;;;;;;;;;;;;;;;

;;;;;;;;;;;;;;;;;;;;;;;;;;;;;;;;;;

;;;;;;;;;;;;;;;;;;;;;;;;;;;;;;;;;;

;;;;;;;;;;;;;;;;;;;;;;;;;;;;;;;;;;

;;;;;;;;;;;;;;;;;;;;;;;;;;;;;;;;;;

;;;;;;;;;;;;;;;;;;;;;;;;;;;;;;;;;;

;;;;;;;;;;;;;;;;;;;;;;;;;;;;;;;;;;

;;;;;;;;;;;;;;;;;;;;;;;;;;;;;;;;;;

;;;;;;;;;;;;;;;;;;;;;;;;;;;;;;;;;;

;;;;;;;;;;;;;;;;;;;;;;;;;;;;;;;;;;

;;;;;;;;;;;;;;;;;;;;;;;;;;;;;;;;;;

;;;;;;;;;;;;;;;;;;;;;;;;;;;;;;;;;;

;;;;;;;;;;;;;;;;;;;;;;;;;;;;;;;;;;

;;;;;;;;;;;;;;;;;;;;;;;;;;;;;;;;;;

;;;;;;;;;;;;;;;;;;;;;;;;;;;;;;;;;;

;;;;;;;;;;;;;;;;;;;;;;;;;;;;;;;;;;

;;;;;;;;;;;;;;;;;;;;;;;;;;;;;;;;;;

;;;;;;;;;;;;;;;;;;;;;;;;;;;;;;;;;;

;;;;;;;;;;;;;;;;;;;;;;;;;;;;;;;;;;

;;;;;;;;;;;;;;;;;;;;;;;;;;;;;;;;;;

;;;;;;;;;;;;;;;;;;;;;;;;;;;;;;;;;;

;;;;;;;;;;;;;;;;;;;;;;;;;;;;;;;;;;

;;;;;;;;;;;;;;;;;;;;;;;;;;;;;;;;;;

;;;;;;;;;;;;;;;;;;;;;;;;;;;;;;;;;;

;;;;;;;;;;;;;;;;;;;;;;;;;;;;;;;;;;

;;;;;;;;;;;;;;;;;;;;;;;;;;;;;;;;;;

;;;;;;;;;;;;;;;;;;;;;;;;;;;;;;;;;;

;;;;;;;;;;;;;;;;;;;;;;;;;;;;;;;;;;

;;;;;;;;;;;;;;;;;;;;;;;;;;;;;;;;;;

;;;;;;;;;;;;;;;;;;;;;;;;;;;;;;;;;;

;;;;;;;;;;;;;;;;;;;;;;;;;;;;;;;;;;

;;;;;;;;;;;;;;;;;;;;;;;;;;;;;;;;;;

;;;;;;;;;;;;;;;;;;;;;;;;;;;;;;;;;;

;;;;;;;;;;;;;;;;;;;;;;;;;;;;;;;;;;

;;;;;;;;;;;;;;;;;;;;;;;;;;;;;;;;;;

;;;;;;;;;;;;;;;;;;;;;;;;;;;;;;;;;;

;;;;;;;;;;;;;;;;;;;;;;;;;;;;;;;;;;

;;;;;;;;;;;;;;;;;;;;;;;;;;;;;;;;;;

;;;;;;;;;;;;;;;;;;;;;;;;;;;;;;;;;;

;;;;;;;;;;;;;;;;;;;;;;;;;;;;;;;;;;

;;;;;;;;;;;;;;;;;;;;;;;;;;;;;;;;;;

;;;;;;;;;;;;;;;;;;;;;;;;;;;;;;;;;;

;;;;;;;;;;;;;;;;;;;;;;;;;;;;;;;;;;

;;;;;;;;;;;;;;;;;;;;;;;;;;;;;;;;;;

;;;;;;;;;;;;;;;;;;;;;;;;;;;;;;;;;;

;;;;;;;;;;;;;;;;;;;;;;;;;;;;;;;;;;

;;;;;;;;;;;;;;;;;;;;;;;;;;;;;;;;;;

;;;;;;;;;;;;;;;;;;;;;;;;;;;;;;;;;;

;;;;;;;;;;;;;;;;;;;;;;;;;;;;;;;;;;

;;;;;;;;;;;;;;;;;;;;;;;;;;;;;;;;;;

;;;;;;;;;;;;;;;;;;;;;;;;;;;;;;;;;;

;;;;;;;;;;;;;;;;;;;;;;;;;;;;;;;;;;

;;;;;;;;;;;;;;;;;;;;;;;;;;;;;;;;;;

;;;;;;;;;;;;;;;;;;;;;;;;;;;;;;;;;;

;;;;;;;;;;;;;;;;;;;;;;;;;;;;;;;;;;

;;;;;;;;;;;;;;;;;;;;;;;;;;;;;;;;;;

;;;;;;;;;;;;;;;;;;;;;;;;;;;;;;;;;;

;;;;;;;;;;;;;;;;;;;;;;;;;;;;;;;;;;

;;;;;;;;;;;;;;;;;;;;;;;;;;;;;;;;;;

;;;;;;;;;;;;;;;;;;;;;;;;;;;;;;;;;;

;;;;;;;;;;;;;;;;;;;;;;;;;;;;;;;;;;

;;;;;;;;;;;;;;;;;;;;;;;;;;;;;;;;;;

;;;;;;;;;;;;;;;;;;;;;;;;;;;;;;;;;;

;;;;;;;;;;;;;;;;;;;;;;;;;;;;;;;;;;

;;;;;;;;;;;;;;;;;;;;;;;;;;;;;;;;;;

;;;;;;;;;;;;;;;;;;;;;;;;;;;;;;;;;;

;;;;;;;;;;;;;;;;;;;;;;;;;;;;;;;;;;

;;;;;;;;;;;;;;;;;;;;;;;;;;;;;;;;;;

;;;;;;;;;;;;;;;;;;;;;;;;;;;;;;;;;;

;;;;;;;;;;;;;;;;;;;;;;;;;;;;;;;;;;

;;;;;;;;;;;;;;;;;;;;;;;;;;;;;;;;;;

;;;;;;;;;;;;;;;;;;;;;;;;;;;;;;;;;;

;;;;;;;;;;;;;;;;;;;;;;;;;;;;;;;;;;

;;;;;;;;;;;;;;;;;;;;;;;;;;;;;;;;;;

;;;;;;;;;;;;;;;;;;;;;;;;;;;;;;;;;;

;;;;;;;;;;;;;;;;;;;;;;;;;;;;;;;;;;

;;;;;;;;;;;;;;;;;;;;;;;;;;;;;;;;;;

;;;;;;;;;;;;;;;;;;;;;;;;;;;;;;;;;;

;;;;;;;;;;;;;;;;;;;;;;;;;;;;;;;;;;

;;;;;;;;;;;;;;;;;;;;;;;;;;;;;;;;;;

;;;;;;;;;;;;;;;;;;;;;;;;;;;;;;;;;;

;;;;;;;;;;;;;;;;;;;;;;;;;;;;;;;;;;

;;;;;;;;;;;;;;;;;;;;;;;;;;;;;;;;;;

;;;;;;;;;;;;;;;;;;;;;;;;;;;;;;;;;;

;;;;;;;;;;;;;;;;;;;;;;;;;;;;;;;;;;

;;;;;;;;;;;;;;;;;;;;;;;;;;;;;;;;;;

;;;;;;;;;;;;;;;;;;;;;;;;;;;;;;;;;;

;;;;;;;;;;;;;;;;;;;;;;;;;;;;;;;;;;

;;;;;;;;;;;;;;;;;;;;;;;;;;;;;;;;;;

;;;;;;;;;;;;;;;;;;;;;;;;;;;;;;;;;;

;;;;;;;;;;;;;;;;;;;;;;;;;;;;;;;;;;

;;;;;;;;;;;;;;;;;;;;;;;;;;;;;;;;;;

;;;;;;;;;;;;;;;;;;;;;;;;;;;;;;;;;;

;;;;;;;;;;;;;;;;;;;;;;;;;;;;;;;;;;

;;;;;;;;;;;;;;;;;;;;;;;;;;;;;;;;;;

;;;;;;;;;;;;;;;;;;;;;;;;;;;;;;;;;;

;;;;;;;;;;;;;;;;;;;;;;;;;;;;;;;;;;

;;;;;;;;;;;;;;;;;;;;;;;;;;;;;;;;;;

;;;;;;;;;;;;;;;;;;;;;;;;;;;;;;;;;;

;;;;;;;;;;;;;;;;;;;;;;;;;;;;;;;;;;

;;;;;;;;;;;;;;;;;;;;;;;;;;;;;;;;;;

;;;;;;;;;;;;;;;;;;;;;;;;;;;;;;;;;;

;;;;;;;;;;;;;;;;;;;;;;;;;;;;;;;;;;

;;;;;;;;;;;;;;;;;;;;;;;;;;;;;;;;;;

;;;;;;;;;;;;;;;;;;;;;;;;;;;;;;;;;;

;;;;;;;;;;;;;;;;;;;;;;;;;;;;;;;;;;

;;;;;;;;;;;;;;;;;;;;;;;;;;;;;;;;;;

;;;;;;;;;;;;;;;;;;;;;;;;;;;;;;;;;;

;;;;;;;;;;;;;;;;;;;;;;;;;;;;;;;;;;

;;;;;;;;;;;;;;;;;;;;;;;;;;;;;;;;;;

;;;;;;;;;;;;;;;;;;;;;;;;;;;;;;;;;;

;;;;;;;;;;;;;;;;;;;;;;;;;;;;;;;;;;

;;;;;;;;;;;;;;;;;;;;;;;;;;;;;;;;;;

;;;;;;;;;;;;;;;;;;;;;;;;;;;;;;;;;;

;;;;;;;;;;;;;;;;;;;;;;;;;;;;;;;;;;

;;;;;;;;;;;;;;;;;;;;;;;;;;;;;;;;;;

;;;;;;;;;;;;;;;;;;;;;;;;;;;;;;;;;;

;;;;;;;;;;;;;;;;;;;;;;;;;;;;;;;;;;

;;;;;;;;;;;;;;;;;;;;;;;;;;;;;;;;;;

;;;;;;;;;;;;;;;;;;;;;;;;;;;;;;;;;;

;;;;;;;;;;;;;;;;;;;;;;;;;;;;;;;;;;

;;;;;;;;;;;;;;;;;;;;;;;;;;;;;;;;;;

;;;;;;;;;;;;;;;;;;;;;;;;;;;;;;;;;;

;;;;;;;;;;;;;;;;;;;;;;;;;;;;;;;;;;

;;;;;;;;;;;;;;;;;;;;;;;;;;;;;;;;;;

;;;;;;;;;;;;;;;;;;;;;;;;;;;;;;;;;;

;;;;;;;;;;;;;;;;;;;;;;;;;;;;;;;;;;

;;;;;;;;;;;;;;;;;;;;;;;;;;;;;;;;;;

;;;;;;;;;;;;;;;;;;;;;;;;;;;;;;;;;;

;;;;;;;;;;;;;;;;;;;;;;;;;;;;;;;;;;

;;;;;;;;;;;;;;;;;;;;;;;;;;;;;;;;;;

;;;;;;;;;;;;;;;;;;;;;;;;;;;;;;;;;;

;;;;;;;;;;;;;;;;;;;;;;;;;;;;;;;;;;

;;;;;;;;;;;;;;;;;;;;;;;;;;;;;;;;;;

;;;;;;;;;;;;;;;;;;;;;;;;;;;;;;;;;;

;;;;;;;;;;;;;;;;;;;;;;;;;;;;;;;;;;

;;;;;;;;;;;;;;;;;;;;;;;;;;;;;;;;;;

;;;;;;;;;;;;;;;;;;;;;;;;;;;;;;;;;;

;;;;;;;;;;;;;;;;;;;;;;;;;;;;;;;;;;

;;;;;;;;;;;;;;;;;;;;;;;;;;;;;;;;;;

;;;;;;;;;;;;;;;;;;;;;;;;;;;;;;;;;;

;;;;;;;;;;;;;;;;;;;;;;;;;;;;;;;;;;

;;;;;;;;;;;;;;;;;;;;;;;;;;;;;;;;;;

;;;;;;;;;;;;;;;;;;;;;;;;;;;;;;;;;;

;;;;;;;;;;;;;;;;;;;;;;;;;;;;;;;;;;

;;;;;;;;;;;;;;;;;;;;;;;;;;;;;;;;;;

;;;;;;;;;;;;;;;;;;;;;;;;;;;;;;;;;;

;;;;;;;;;;;;;;;;;;;;;;;;;;;;;;;;;;

;;;;;;;;;;;;;;;;;;;;;;;;;;;;;;;;;;

;;;;;;;;;;;;;;;;;;;;;;;;;;;;;;;;;;

;;;;;;;;;;;;;;;;;;;;;;;;;;;;;;;;;;

;;;;;;;;;;;;;;;;;;;;;;;;;;;;;;;;;;

;;;;;;;;;;;;;;;;;;;;;;;;;;;;;;;;;;

;;;;;;;;;;;;;;;;;;;;;;;;;;;;;;;;;;

;;;;;;;;;;;;;;;;;;;;;;;;;;;;;;;;;;

;;;;;;;;;;;;;;;;;;;;;;;;;;;;;;;;;;

;;;;;;;;;;;;;;;;;;;;;;;;;;;;;;;;;;

;;;;;;;;;;;;;;;;;;;;;;;;;;;;;;;;;;

;;;;;;;;;;;;;;;;;;;;;;;;;;;;;;;;;;

;;;;;;;;;;;;;;;;;;;;;;;;;;;;;;;;;;

;;;;;;;;;;;;;;;;;;;;;;;;;;;;;;;;;;

;;;;;;;;;;;;;;;;;;;;;;;;;;;;;;;;;;

;;;;;;;;;;;;;;;;;;;;;;;;;;;;;;;;;;

;;;;;;;;;;;;;;;;;;;;;;;;;;;;;;;;;;

;;;;;;;;;;;;;;;;;;;;;;;;;;;;;;;;;;

;;;;;;;;;;;;;;;;;;;;;;;;;;;;;;;;;;

;;;;;;;;;;;;;;;;;;;;;;;;;;;;;;;;;;

;;;;;;;;;;;;;;;;;;;;;;;;;;;;;;;;;;

;;;;;;;;;;;;;;;;;;;;;;;;;;;;;;;;;;

;;;;;;;;;;;;;;;;;;;;;;;;;;;;;;;;;;

;;;;;;;;;;;;;;;;;;;;;;;;;;;;;;;;;;

;;;;;;;;;;;;;;;;;;;;;;;;;;;;;;;;;;

;;;;;;;;;;;;;;;;;;;;;;;;;;;;;;;;;;

;;;;;;;;;;;;;;;;;;;;;;;;;;;;;;;;;;

;;;;;;;;;;;;;;;;;;;;;;;;;;;;;;;;;;

;;;;;;;;;;;;;;;;;;;;;;;;;;;;;;;;;;

;;;;;;;;;;;;;;;;;;;;;;;;;;;;;;;;;;

;;;;;;;;;;;;;;;;;;;;;;;;;;;;;;;;;;

;;;;;;;;;;;;;;;;;;;;;;;;;;;;;;;;;;

;;;;;;;;;;;;;;;;;;;;;;;;;;;;;;;;;;

;;;;;;;;;;;;;;;;;;;;;;;;;;;;;;;;;;

;;;;;;;;;;;;;;;;;;;;;;;;;;;;;;;;;;

;;;;;;;;;;;;;;;;;;;;;;;;;;;;;;;;;;

;;;;;;;;;;;;;;;;;;;;;;;;;;;;;;;;;;

;;;;;;;;;;;;;;;;;;;;;;;;;;;;;;;;;;

;;;;;;;;;;;;;;;;;;;;;;;;;;;;;;;;;;

;;;;;;;;;;;;;;;;;;;;;;;;;;;;;;;;;;

;;;;;;;;;;;;;;;;;;;;;;;;;;;;;;;;;;

;;;;;;;;;;;;;;;;;;;;;;;;;;;;;;;;;;

;;;;;;;;;;;;;;;;;;;;;;;;;;;;;;;;;;

;;;;;;;;;;;;;;;;;;;;;;;;;;;;;;;;;;

;;;;;;;;;;;;;;;;;;;;;;;;;;;;;;;;;;

;;;;;;;;;;;;;;;;;;;;;;;;;;;;;;;;;;

;;;;;;;;;;;;;;;;;;;;;;;;;;;;;;;;;;

;;;;;;;;;;;;;;;;;;;;;;;;;;;;;;;;;;

;;;;;;;;;;;;;;;;;;;;;;;;;;;;;;;;;;

;;;;;;;;;;;;;;;;;;;;;;;;;;;;;;;;;;

;;;;;;;;;;;;;;;;;;;;;;;;;;;;;;;;;;

;;;;;;;;;;;;;;;;;;;;;;;;;;;;;;;;;;

;;;;;;;;;;;;;;;;;;;;;;;;;;;;;;;;;;

;;;;;;;;;;;;;;;;;;;;;;;;;;;;;;;;;;

;;;;;;;;;;;;;;;;;;;;;;;;;;;;;;;;;;

;;;;;;;;;;;;;;;;;;;;;;;;;;;;;;;;;;

;;;;;;;;;;;;;;;;;;;;;;;;;;;;;;;;;;

;;;;;;;;;;;;;;;;;;;;;;;;;;;;;;;;;;

;;;;;;;;;;;;;;;;;;;;;;;;;;;;;;;;;;

;;;;;;;;;;;;;;;;;;;;;;;;;;;;;;;;;;

;;;;;;;;;;;;;;;;;;;;;;;;;;;;;;;;;;

;;;;;;;;;;;;;;;;;;;;;;;;;;;;;;;;;;

;;;;;;;;;;;;;;;;;;;;;;;;;;;;;;;;;;

;;;;;;;;;;;;;;;;;;;;;;;;;;;;;;;;;;

;;;;;;;;;;;;;;;;;;;;;;;;;;;;;;;;;;

;;;;;;;;;;;;;;;;;;;;;;;;;;;;;;;;;;

;;;;;;;;;;;;;;;;;;;;;;;;;;;;;;;;;;

;;;;;;;;;;;;;;;;;;;;;;;;;;;;;;;;;;

;;;;;;;;;;;;;;;;;;;;;;;;;;;;;;;;;;

;;;;;;;;;;;;;;;;;;;;;;;;;;;;;;;;;;

;;;;;;;;;;;;;;;;;;;;;;;;;;;;;;;;;;

;;;;;;;;;;;;;;;;;;;;;;;;;;;;;;;;;;

;;;;;;;;;;;;;;;;;;;;;;;;;;;;;;;;;;

;;;;;;;;;;;;;;;;;;;;;;;;;;;;;;;;;;

;;;;;;;;;;;;;;;;;;;;;;;;;;;;;;;;;;

;;;;;;;;;;;;;;;;;;;;;;;;;;;;;;;;;;

;;;;;;;;;;;;;;;;;;;;;;;;;;;;;;;;;;

;;;;;;;;;;;;;;;;;;;;;;;;;;;;;;;;;;

;;;;;;;;;;;;;;;;;;;;;;;;;;;;;;;;;;

;;;;;;;;;;;;;;;;;;;;;;;;;;;;;;;;;;

;;;;;;;;;;;;;;;;;;;;;;;;;;;;;;;;;;

;;;;;;;;;;;;;;;;;;;;;;;;;;;;;;;;;;

;;;;;;;;;;;;;;;;;;;;;;;;;;;;;;;;;;

;;;;;;;;;;;;;;;;;;;;;;;;;;;;;;;;;;

;;;;;;;;;;;;;;;;;;;;;;;;;;;;;;;;;;

;;;;;;;;;;;;;;;;;;;;;;;;;;;;;;;;;;

;;;;;;;;;;;;;;;;;;;;;;;;;;;;;;;;;;

;;;;;;;;;;;;;;;;;;;;;;;;;;;;;;;;;;

;;;;;;;;;;;;;;;;;;;;;;;;;;;;;;;;;;

;;;;;;;;;;;;;;;;;;;;;;;;;;;;;;;;;;

;;;;;;;;;;;;;;;;;;;;;;;;;;;;;;;;;;

;;;;;;;;;;;;;;;;;;;;;;;;;;;;;;;;;;

;;;;;;;;;;;;;;;;;;;;;;;;;;;;;;;;;;

;;;;;;;;;;;;;;;;;;;;;;;;;;;;;;;;;;

;;;;;;;;;;;;;;;;;;;;;;;;;;;;;;;;;;

;;;;;;;;;;;;;;;;;;;;;;;;;;;;;;;;;;

;;;;;;;;;;;;;;;;;;;;;;;;;;;;;;;;;;

;;;;;;;;;;;;;;;;;;;;;;;;;;;;;;;;;;

;;;;;;;;;;;;;;;;;;;;;;;;;;;;;;;;;;

;;;;;;;;;;;;;;;;;;;;;;;;;;;;;;;;;;

;;;;;;;;;;;;;;;;;;;;;;;;;;;;;;;;;;

;;;;;;;;;;;;;;;;;;;;;;;;;;;;;;;;;;

;;;;;;;;;;;;;;;;;;;;;;;;;;;;;;;;;;

;;;;;;;;;;;;;;;;;;;;;;;;;;;;;;;;;;

;;;;;;;;;;;;;;;;;;;;;;;;;;;;;;;;;;

;;;;;;;;;;;;;;;;;;;;;;;;;;;;;;;;;;

;;;;;;;;;;;;;;;;;;;;;;;;;;;;;;;;;;

;;;;;;;;;;;;;;;;;;;;;;;;;;;;;;;;;;

;;;;;;;;;;;;;;;;;;;;;;;;;;;;;;;;;;

;;;;;;;;;;;;;;;;;;;;;;;;;;;;;;;;;;

;;;;;;;;;;;;;;;;;;;;;;;;;;;;;;;;;;

;;;;;;;;;;;;;;;;;;;;;;;;;;;;;;;;;;

;;;;;;;;;;;;;;;;;;;;;;;;;;;;;;;;;;

;;;;;;;;;;;;;;;;;;;;;;;;;;;;;;;;;;

;;;;;;;;;;;;;;;;;;;;;;;;;;;;;;;;;;

;;;;;;;;;;;;;;;;;;;;;;;;;;;;;;;;;;

;;;;;;;;;;;;;;;;;;;;;;;;;;;;;;;;;;

;;;;;;;;;;;;;;;;;;;;;;;;;;;;;;;;;;

;;;;;;;;;;;;;;;;;;;;;;;;;;;;;;;;;;

;;;;;;;;;;;;;;;;;;;;;;;;;;;;;;;;;;

;;;;;;;;;;;;;;;;;;;;;;;;;;;;;;;;;;

;;;;;;;;;;;;;;;;;;;;;;;;;;;;;;;;;;

;;;;;;;;;;;;;;;;;;;;;;;;;;;;;;;;;;

;;;;;;;;;;;;;;;;;;;;;;;;;;;;;;;;;;

;;;;;;;;;;;;;;;;;;;;;;;;;;;;;;;;;;

;;;;;;;;;;;;;;;;;;;;;;;;;;;;;;;;;;

;;;;;;;;;;;;;;;;;;;;;;;;;;;;;;;;;;

;;;;;;;;;;;;;;;;;;;;;;;;;;;;;;;;;;

;;;;;;;;;;;;;;;;;;;;;;;;;;;;;;;;;;

;;;;;;;;;;;;;;;;;;;;;;;;;;;;;;;;;;

;;;;;;;;;;;;;;;;;;;;;;;;;;;;;;;;;;

;;;;;;;;;;;;;;;;;;;;;;;;;;;;;;;;;;

;;;;;;;;;;;;;;;;;;;;;;;;;;;;;;;;;;

;;;;;;;;;;;;;;;;;;;;;;;;;;;;;;;;;;

;;;;;;;;;;;;;;;;;;;;;;;;;;;;;;;;;;

;;;;;;;;;;;;;;;;;;;;;;;;;;;;;;;;;;

;;;;;;;;;;;;;;;;;;;;;;;;;;;;;;;;;;

;;;;;;;;;;;;;;;;;;;;;;;;;;;;;;;;;;

;;;;;;;;;;;;;;;;;;;;;;;;;;;;;;;;;;

;;;;;;;;;;;;;;;;;;;;;;;;;;;;;;;;;;

;;;;;;;;;;;;;;;;;;;;;;;;;;;;;;;;;;

;;;;;;;;;;;;;;;;;;;;;;;;;;;;;;;;;;

;;;;;;;;;;;;;;;;;;;;;;;;;;;;;;;;;;

;;;;;;;;;;;;;;;;;;;;;;;;;;;;;;;;;;

;;;;;;;;;;;;;;;;;;;;;;;;;;;;;;;;;;

;;;;;;;;;;;;;;;;;;;;;;;;;;;;;;;;;;

;;;;;;;;;;;;;;;;;;;;;;;;;;;;;;;;;;

;;;;;;;;;;;;;;;;;;;;;;;;;;;;;;;;;;

;;;;;;;;;;;;;;;;;;;;;;;;;;;;;;;;;;

;;;;;;;;;;;;;;;;;;;;;;;;;;;;;;;;;;

;;;;;;;;;;;;;;;;;;;;;;;;;;;;;;;;;;

;;;;;;;;;;;;;;;;;;;;;;;;;;;;;;;;;;

;;;;;;;;;;;;;;;;;;;;;;;;;;;;;;;;;;

;;;;;;;;;;;;;;;;;;;;;;;;;;;;;;;;;;

;;;;;;;;;;;;;;;;;;;;;;;;;;;;;;;;;;

;;;;;;;;;;;;;;;;;;;;;;;;;;;;;;;;;;

;;;;;;;;;;;;;;;;;;;;;;;;;;;;;;;;;;

;;;;;;;;;;;;;;;;;;;;;;;;;;;;;;;;;;

;;;;;;;;;;;;;;;;;;;;;;;;;;;;;;;;;;

;;;;;;;;;;;;;;;;;;;;;;;;;;;;;;;;;;

;;;;;;;;;;;;;;;;;;;;;;;;;;;;;;;;;;

;;;;;;;;;;;;;;;;;;;;;;;;;;;;;;;;;;

;;;;;;;;;;;;;;;;;;;;;;;;;;;;;;;;;;

;;;;;;;;;;;;;;;;;;;;;;;;;;;;;;;;;;

;;;;;;;;;;;;;;;;;;;;;;;;;;;;;;;;;;

;;;;;;;;;;;;;;;;;;;;;;;;;;;;;;;;;;

;;;;;;;;;;;;;;;;;;;;;;;;;;;;;;;;;;

;;;;;;;;;;;;;;;;;;;;;;;;;;;;;;;;;;

;;;;;;;;;;;;;;;;;;;;;;;;;;;;;;;;;;

;;;;;;;;;;;;;;;;;;;;;;;;;;;;;;;;;;

;;;;;;;;;;;;;;;;;;;;;;;;;;;;;;;;;;

;;;;;;;;;;;;;;;;;;;;;;;;;;;;;;;;;;

;;;;;;;;;;;;;;;;;;;;;;;;;;;;;;;;;;

;;;;;;;;;;;;;;;;;;;;;;;;;;;;;;;;;;

;;;;;;;;;;;;;;;;;;;;;;;;;;;;;;;;;;

;;;;;;;;;;;;;;;;;;;;;;;;;;;;;;;;;;

;;;;;;;;;;;;;;;;;;;;;;;;;;;;;;;;;;

;;;;;;;;;;;;;;;;;;;;;;;;;;;;;;;;;;

;;;;;;;;;;;;;;;;;;;;;;;;;;;;;;;;;;

;;;;;;;;;;;;;;;;;;;;;;;;;;;;;;;;;;

;;;;;;;;;;;;;;;;;;;;;;;;;;;;;;;;;;

;;;;;;;;;;;;;;;;;;;;;;;;;;;;;;;;;;

;;;;;;;;;;;;;;;;;;;;;;;;;;;;;;;;;;

;;;;;;;;;;;;;;;;;;;;;;;;;;;;;;;;;;

;;;;;;;;;;;;;;;;;;;;;;;;;;;;;;;;;;

;;;;;;;;;;;;;;;;;;;;;;;;;;;;;;;;;;

;;;;;;;;;;;;;;;;;;;;;;;;;;;;;;;;;;

;;;;;;;;;;;;;;;;;;;;;;;;;;;;;;;;;;

;;;;;;;;;;;;;;;;;;;;;;;;;;;;;;;;;;

;;;;;;;;;;;;;;;;;;;;;;;;;;;;;;;;;;

;;;;;;;;;;;;;;;;;;;;;;;;;;;;;;;;;;

;;;;;;;;;;;;;;;;;;;;;;;;;;;;;;;;;;

;;;;;;;;;;;;;;;;;;;;;;;;;;;;;;;;;;

;;;;;;;;;;;;;;;;;;;;;;;;;;;;;;;;;;

;;;;;;;;;;;;;;;;;;;;;;;;;;;;;;;;;;

;;;;;;;;;;;;;;;;;;;;;;;;;;;;;;;;;;

;;;;;;;;;;;;;;;;;;;;;;;;;;;;;;;;;;

;;;;;;;;;;;;;;;;;;;;;;;;;;;;;;;;;;

;;;;;;;;;;;;;;;;;;;;;;;;;;;;;;;;;;

;;;;;;;;;;;;;;;;;;;;;;;;;;;;;;;;;;

;;;;;;;;;;;;;;;;;;;;;;;;;;;;;;;;;;

;;;;;;;;;;;;;;;;;;;;;;;;;;;;;;;;;;

;;;;;;;;;;;;;;;;;;;;;;;;;;;;;;;;;;

;;;;;;;;;;;;;;;;;;;;;;;;;;;;;;;;;;

;;;;;;;;;;;;;;;;;;;;;;;;;;;;;;;;;;

;;;;;;;;;;;;;;;;;;;;;;;;;;;;;;;;;;

;;;;;;;;;;;;;;;;;;;;;;;;;;;;;;;;;;

;;;;;;;;;;;;;;;;;;;;;;;;;;;;;;;;;;

;;;;;;;;;;;;;;;;;;;;;;;;;;;;;;;;;;

;;;;;;;;;;;;;;;;;;;;;;;;;;;;;;;;;;

;;;;;;;;;;;;;;;;;;;;;;;;;;;;;;;;;;

;;;;;;;;;;;;;;;;;;;;;;;;;;;;;;;;;;

;;;;;;;;;;;;;;;;;;;;;;;;;;;;;;;;;;

;;;;;;;;;;;;;;;;;;;;;;;;;;;;;;;;;;

;;;;;;;;;;;;;;;;;;;;;;;;;;;;;;;;;;

;;;;;;;;;;;;;;;;;;;;;;;;;;;;;;;;;;

;;;;;;;;;;;;;;;;;;;;;;;;;;;;;;;;;;

;;;;;;;;;;;;;;;;;;;;;;;;;;;;;;;;;;

;;;;;;;;;;;;;;;;;;;;;;;;;;;;;;;;;;

;;;;;;;;;;;;;;;;;;;;;;;;;;;;;;;;;;

;;;;;;;;;;;;;;;;;;;;;;;;;;;;;;;;;;

;;;;;;;;;;;;;;;;;;;;;;;;;;;;;;;;;;

;;;;;;;;;;;;;;;;;;;;;;;;;;;;;;;;;;

;;;;;;;;;;;;;;;;;;;;;;;;;;;;;;;;;;

;;;;;;;;;;;;;;;;;;;;;;;;;;;;;;;;;;

;;;;;;;;;;;;;;;;;;;;;;;;;;;;;;;;;;

;;;;;;;;;;;;;;;;;;;;;;;;;;;;;;;;;;

;;;;;;;;;;;;;;;;;;;;;;;;;;;;;;;;;;

;;;;;;;;;;;;;;;;;;;;;;;;;;;;;;;;;;

;;;;;;;;;;;;;;;;;;;;;;;;;;;;;;;;;;

;;;;;;;;;;;;;;;;;;;;;;;;;;;;;;;;;;

;;;;;;;;;;;;;;;;;;;;;;;;;;;;;;;;;;

;;;;;;;;;;;;;;;;;;;;;;;;;;;;;;;;;;
